entry_id,batch_id,candidate_webp,candidate_png,final_webp,final_png,size,old_final_webp_bytes,new_final_webp_bytes,old_final_png_bytes,new_final_png_bytes
A-10,ponchi-batch-001,assets/ponchi/final_candidates/ponchi-batch-001/A-10_candidate.webp,assets/ponchi/final_candidates/ponchi-batch-001/A-10_candidate.png,assets/ponchi/final/A-10.webp,assets/ponchi/final/A-10.png,1254x627,44612,25850,706749,23399
A-11,ponchi-batch-001,assets/ponchi/final_candidates/ponchi-batch-001/A-11_candidate.webp,assets/ponchi/final_candidates/ponchi-batch-001/A-11_candidate.png,assets/ponchi/final/A-11.webp,assets/ponchi/final/A-11.png,1254x627,47448,22782,713938,22331
A-1,ponchi-batch-001,assets/ponchi/final_candidates/ponchi-batch-001/A-1_candidate.webp,assets/ponchi/final_candidates/ponchi-batch-001/A-1_candidate.png,assets/ponchi/final/A-1.webp,assets/ponchi/final/A-1.png,1254x627,66368,20530,796978,21037
A-2,ponchi-batch-001,assets/ponchi/final_candidates/ponchi-batch-001/A-2_candidate.webp,assets/ponchi/final_candidates/ponchi-batch-001/A-2_candidate.png,assets/ponchi/final/A-2.webp,assets/ponchi/final/A-2.png,1254x627,52608,29250,746670,26725
A-3,ponchi-batch-001,assets/ponchi/final_candidates/ponchi-batch-001/A-3_candidate.webp,assets/ponchi/final_candidates/ponchi-batch-001/A-3_candidate.png,assets/ponchi/final/A-3.webp,assets/ponchi/final/A-3.png,1254x627,52308,24646,731253,24117
A-4,ponchi-batch-001,assets/ponchi/final_candidates/ponchi-batch-001/A-4_candidate.webp,assets/ponchi/final_candidates/ponchi-batch-001/A-4_candidate.png,assets/ponchi/final/A-4.webp,assets/ponchi/final/A-4.png,1254x627,41904,27754,721330,25119
A-5,ponchi-batch-001,assets/ponchi/final_candidates/ponchi-batch-001/A-5_candidate.webp,assets/ponchi/final_candidates/ponchi-batch-001/A-5_candidate.png,assets/ponchi/final/A-5.webp,assets/ponchi/final/A-5.png,1254x627,55440,23030,752953,22639
A-6,ponchi-batch-001,assets/ponchi/final_candidates/ponchi-batch-001/A-6_candidate.webp,assets/ponchi/final_candidates/ponchi-batch-001/A-6_candidate.png,assets/ponchi/final/A-6.webp,assets/ponchi/final/A-6.png,1254x627,43154,25028,714222,23491
A-7,ponchi-batch-001,assets/ponchi/final_candidates/ponchi-batch-001/A-7_candidate.webp,assets/ponchi/final_candidates/ponchi-batch-001/A-7_candidate.png,assets/ponchi/final/A-7.webp,assets/ponchi/final/A-7.png,1254x627,32220,18936,663992,18540
A-8,ponchi-batch-001,assets/ponchi/final_candidates/ponchi-batch-001/A-8_candidate.webp,assets/ponchi/final_candidates/ponchi-batch-001/A-8_candidate.png,assets/ponchi/final/A-8.webp,assets/ponchi/final/A-8.png,1254x627,38548,20854,697888,17634
A-9,ponchi-batch-001,assets/ponchi/final_candidates/ponchi-batch-001/A-9_candidate.webp,assets/ponchi/final_candidates/ponchi-batch-001/A-9_candidate.png,assets/ponchi/final/A-9.webp,assets/ponchi/final/A-9.png,1254x627,56304,33734,767977,32063
B-1,ponchi-batch-001,assets/ponchi/final_candidates/ponchi-batch-001/B-1_candidate.webp,assets/ponchi/final_candidates/ponchi-batch-001/B-1_candidate.png,assets/ponchi/final/B-1.webp,assets/ponchi/final/B-1.png,1254x627,57032,31514,722356,101628
B-2,ponchi-batch-001,assets/ponchi/final_candidates/ponchi-batch-001/B-2_candidate.webp,assets/ponchi/final_candidates/ponchi-batch-001/B-2_candidate.png,assets/ponchi/final/B-2.webp,assets/ponchi/final/B-2.png,1254x627,39634,35304,780599,98410
B-3,ponchi-batch-001,assets/ponchi/final_candidates/ponchi-batch-001/B-3_candidate.webp,assets/ponchi/final_candidates/ponchi-batch-001/B-3_candidate.png,assets/ponchi/final/B-3.webp,assets/ponchi/final/B-3.png,1254x627,31912,40300,725915,129309
B-4,ponchi-batch-001,assets/ponchi/final_candidates/ponchi-batch-001/B-4_candidate.webp,assets/ponchi/final_candidates/ponchi-batch-001/B-4_candidate.png,assets/ponchi/final/B-4.webp,assets/ponchi/final/B-4.png,1254x627,37166,31206,719800,88624
B-5,ponchi-batch-001,assets/ponchi/final_candidates/ponchi-batch-001/B-5_candidate.webp,assets/ponchi/final_candidates/ponchi-batch-001/B-5_candidate.png,assets/ponchi/final/B-5.webp,assets/ponchi/final/B-5.png,1254x627,51792,33248,527558,91572
B-6,ponchi-batch-001,assets/ponchi/final_candidates/ponchi-batch-001/B-6_candidate.webp,assets/ponchi/final_candidates/ponchi-batch-001/B-6_candidate.png,assets/ponchi/final/B-6.webp,assets/ponchi/final/B-6.png,1254x627,35202,24658,479796,33827
B-7,ponchi-batch-001,assets/ponchi/final_candidates/ponchi-batch-001/B-7_candidate.webp,assets/ponchi/final_candidates/ponchi-batch-001/B-7_candidate.png,assets/ponchi/final/B-7.webp,assets/ponchi/final/B-7.png,1254x627,47624,32398,568088,95392
B-8,ponchi-batch-001,assets/ponchi/final_candidates/ponchi-batch-001/B-8_candidate.webp,assets/ponchi/final_candidates/ponchi-batch-001/B-8_candidate.png,assets/ponchi/final/B-8.webp,assets/ponchi/final/B-8.png,1254x627,34326,35800,323111,115393
B-9,ponchi-batch-001,assets/ponchi/final_candidates/ponchi-batch-001/B-9_candidate.webp,assets/ponchi/final_candidates/ponchi-batch-001/B-9_candidate.png,assets/ponchi/final/B-9.webp,assets/ponchi/final/B-9.png,1254x627,30182,30732,434948,82652
B-10,ponchi-batch-002,assets/ponchi/final_candidates/ponchi-batch-002/B-10_candidate.webp,assets/ponchi/final_candidates/ponchi-batch-002/B-10_candidate.png,assets/ponchi/final/B-10.webp,assets/ponchi/final/B-10.png,1254x627,32744,51894,437152,629742
B-11,ponchi-batch-002,assets/ponchi/final_candidates/ponchi-batch-002/B-11_candidate.webp,assets/ponchi/final_candidates/ponchi-batch-002/B-11_candidate.png,assets/ponchi/final/B-11.webp,assets/ponchi/final/B-11.png,1254x627,36526,59816,482930,612720
B-12,ponchi-batch-002,assets/ponchi/final_candidates/ponchi-batch-002/B-12_candidate.webp,assets/ponchi/final_candidates/ponchi-batch-002/B-12_candidate.png,assets/ponchi/final/B-12.webp,assets/ponchi/final/B-12.png,1254x627,28476,53954,351248,568342
B-13,ponchi-batch-002,assets/ponchi/final_candidates/ponchi-batch-002/B-13_candidate.webp,assets/ponchi/final_candidates/ponchi-batch-002/B-13_candidate.png,assets/ponchi/final/B-13.webp,assets/ponchi/final/B-13.png,1254x627,34138,60012,470346,69121
B-14,ponchi-batch-002,assets/ponchi/final_candidates/ponchi-batch-002/B-14_candidate.webp,assets/ponchi/final_candidates/ponchi-batch-002/B-14_candidate.png,assets/ponchi/final/B-14.webp,assets/ponchi/final/B-14.png,1254x627,28476,45860,379481,557598
B-15,ponchi-batch-002,assets/ponchi/final_candidates/ponchi-batch-002/B-15_candidate.webp,assets/ponchi/final_candidates/ponchi-batch-002/B-15_candidate.png,assets/ponchi/final/B-15.webp,assets/ponchi/final/B-15.png,1254x627,31146,56490,428378,73878
B-16,ponchi-batch-002,assets/ponchi/final_candidates/ponchi-batch-002/B-16_candidate.webp,assets/ponchi/final_candidates/ponchi-batch-002/B-16_candidate.png,assets/ponchi/final/B-16.webp,assets/ponchi/final/B-16.png,1254x627,41678,62408,456095,81886
B-17,ponchi-batch-002,assets/ponchi/final_candidates/ponchi-batch-002/B-17_candidate.webp,assets/ponchi/final_candidates/ponchi-batch-002/B-17_candidate.png,assets/ponchi/final/B-17.webp,assets/ponchi/final/B-17.png,1254x627,38780,70902,443200,81662
B-18,ponchi-batch-002,assets/ponchi/final_candidates/ponchi-batch-002/B-18_candidate.webp,assets/ponchi/final_candidates/ponchi-batch-002/B-18_candidate.png,assets/ponchi/final/B-18.webp,assets/ponchi/final/B-18.png,1254x627,31762,48576,485414,75335
B-19,ponchi-batch-002,assets/ponchi/final_candidates/ponchi-batch-002/B-19_candidate.webp,assets/ponchi/final_candidates/ponchi-batch-002/B-19_candidate.png,assets/ponchi/final/B-19.webp,assets/ponchi/final/B-19.png,1254x627,35520,61832,363624,647164
B-20,ponchi-batch-002,assets/ponchi/final_candidates/ponchi-batch-002/B-20_candidate.webp,assets/ponchi/final_candidates/ponchi-batch-002/B-20_candidate.png,assets/ponchi/final/B-20.webp,assets/ponchi/final/B-20.png,1254x627,35628,47704,408866,577007
B-21,ponchi-batch-002,assets/ponchi/final_candidates/ponchi-batch-002/B-21_candidate.webp,assets/ponchi/final_candidates/ponchi-batch-002/B-21_candidate.png,assets/ponchi/final/B-21.webp,assets/ponchi/final/B-21.png,1254x627,23916,50102,325384,601032
B-22,ponchi-batch-002,assets/ponchi/final_candidates/ponchi-batch-002/B-22_candidate.webp,assets/ponchi/final_candidates/ponchi-batch-002/B-22_candidate.png,assets/ponchi/final/B-22.webp,assets/ponchi/final/B-22.png,1254x627,34230,61016,308804,619316
B-23,ponchi-batch-002,assets/ponchi/final_candidates/ponchi-batch-002/B-23_candidate.webp,assets/ponchi/final_candidates/ponchi-batch-002/B-23_candidate.png,assets/ponchi/final/B-23.webp,assets/ponchi/final/B-23.png,1254x627,41060,52866,425294,613917
B-24,ponchi-batch-002,assets/ponchi/final_candidates/ponchi-batch-002/B-24_candidate.webp,assets/ponchi/final_candidates/ponchi-batch-002/B-24_candidate.png,assets/ponchi/final/B-24.webp,assets/ponchi/final/B-24.png,1254x627,30932,55558,358287,616387
B-25,ponchi-batch-002,assets/ponchi/final_candidates/ponchi-batch-002/B-25_candidate.webp,assets/ponchi/final_candidates/ponchi-batch-002/B-25_candidate.png,assets/ponchi/final/B-25.webp,assets/ponchi/final/B-25.png,1254x627,40128,59456,449245,626189
B-26,ponchi-batch-002,assets/ponchi/final_candidates/ponchi-batch-002/B-26_candidate.webp,assets/ponchi/final_candidates/ponchi-batch-002/B-26_candidate.png,assets/ponchi/final/B-26.webp,assets/ponchi/final/B-26.png,1254x627,29024,54882,318027,612482
B-27,ponchi-batch-002,assets/ponchi/final_candidates/ponchi-batch-002/B-27_candidate.webp,assets/ponchi/final_candidates/ponchi-batch-002/B-27_candidate.png,assets/ponchi/final/B-27.webp,assets/ponchi/final/B-27.png,1254x627,27504,53346,336509,587057
B-28,ponchi-batch-002,assets/ponchi/final_candidates/ponchi-batch-002/B-28_candidate.webp,assets/ponchi/final_candidates/ponchi-batch-002/B-28_candidate.png,assets/ponchi/final/B-28.webp,assets/ponchi/final/B-28.png,1254x627,39090,44294,396700,584237
B-29,ponchi-batch-002,assets/ponchi/final_candidates/ponchi-batch-002/B-29_candidate.webp,assets/ponchi/final_candidates/ponchi-batch-002/B-29_candidate.png,assets/ponchi/final/B-29.webp,assets/ponchi/final/B-29.png,1254x627,31952,60658,329952,629193
B-30,ponchi-batch-003,assets/ponchi/final_candidates/ponchi-batch-003/B-30_candidate.webp,assets/ponchi/final_candidates/ponchi-batch-003/B-30_candidate.png,assets/ponchi/final/B-30.webp,assets/ponchi/final/B-30.png,1254x627,40632,38948,492892,574523
B-31,ponchi-batch-003,assets/ponchi/final_candidates/ponchi-batch-003/B-31_candidate.webp,assets/ponchi/final_candidates/ponchi-batch-003/B-31_candidate.png,assets/ponchi/final/B-31.webp,assets/ponchi/final/B-31.png,1254x627,38680,61932,399088,684276
B-32,ponchi-batch-003,assets/ponchi/final_candidates/ponchi-batch-003/B-32_candidate.webp,assets/ponchi/final_candidates/ponchi-batch-003/B-32_candidate.png,assets/ponchi/final/B-32.webp,assets/ponchi/final/B-32.png,1254x627,44264,54576,433520,637596
B-33,ponchi-batch-003,assets/ponchi/final_candidates/ponchi-batch-003/B-33_candidate.webp,assets/ponchi/final_candidates/ponchi-batch-003/B-33_candidate.png,assets/ponchi/final/B-33.webp,assets/ponchi/final/B-33.png,1254x627,40774,45278,439321,629982
B-40,ponchi-batch-003,assets/ponchi/final_candidates/ponchi-batch-003/B-40_candidate.webp,assets/ponchi/final_candidates/ponchi-batch-003/B-40_candidate.png,assets/ponchi/final/B-40.webp,assets/ponchi/final/B-40.png,1254x627,46034,60120,406366,665485
B-41,ponchi-batch-003,assets/ponchi/final_candidates/ponchi-batch-003/B-41_candidate.webp,assets/ponchi/final_candidates/ponchi-batch-003/B-41_candidate.png,assets/ponchi/final/B-41.webp,assets/ponchi/final/B-41.png,1254x627,43488,66540,440462,678155
B-50,ponchi-batch-003,assets/ponchi/final_candidates/ponchi-batch-003/B-50_candidate.webp,assets/ponchi/final_candidates/ponchi-batch-003/B-50_candidate.png,assets/ponchi/final/B-50.webp,assets/ponchi/final/B-50.png,1254x627,37600,59688,394028,668953
B-51,ponchi-batch-003,assets/ponchi/final_candidates/ponchi-batch-003/B-51_candidate.webp,assets/ponchi/final_candidates/ponchi-batch-003/B-51_candidate.png,assets/ponchi/final/B-51.webp,assets/ponchi/final/B-51.png,1254x627,35370,64552,378079,651404
B-52,ponchi-batch-003,assets/ponchi/final_candidates/ponchi-batch-003/B-52_candidate.webp,assets/ponchi/final_candidates/ponchi-batch-003/B-52_candidate.png,assets/ponchi/final/B-52.webp,assets/ponchi/final/B-52.png,1254x627,34710,44570,363483,607291
B-60,ponchi-batch-003,assets/ponchi/final_candidates/ponchi-batch-003/B-60_candidate.webp,assets/ponchi/final_candidates/ponchi-batch-003/B-60_candidate.png,assets/ponchi/final/B-60.webp,assets/ponchi/final/B-60.png,1254x627,40130,54906,437941,647381
B-61,ponchi-batch-003,assets/ponchi/final_candidates/ponchi-batch-003/B-61_candidate.webp,assets/ponchi/final_candidates/ponchi-batch-003/B-61_candidate.png,assets/ponchi/final/B-61.webp,assets/ponchi/final/B-61.png,1254x627,43222,51426,425157,61935
C-1,ponchi-batch-003,assets/ponchi/final_candidates/ponchi-batch-003/C-1_candidate.webp,assets/ponchi/final_candidates/ponchi-batch-003/C-1_candidate.png,assets/ponchi/final/C-1.webp,assets/ponchi/final/C-1.png,1254x627,42028,67862,433436,676794
C-2,ponchi-batch-003,assets/ponchi/final_candidates/ponchi-batch-003/C-2_candidate.webp,assets/ponchi/final_candidates/ponchi-batch-003/C-2_candidate.png,assets/ponchi/final/C-2.webp,assets/ponchi/final/C-2.png,1254x627,36542,53808,466463,631164
C-3,ponchi-batch-003,assets/ponchi/final_candidates/ponchi-batch-003/C-3_candidate.webp,assets/ponchi/final_candidates/ponchi-batch-003/C-3_candidate.png,assets/ponchi/final/C-3.webp,assets/ponchi/final/C-3.png,1254x627,37720,57828,385367,656249
C-4,ponchi-batch-003,assets/ponchi/final_candidates/ponchi-batch-003/C-4_candidate.webp,assets/ponchi/final_candidates/ponchi-batch-003/C-4_candidate.png,assets/ponchi/final/C-4.webp,assets/ponchi/final/C-4.png,1254x627,34254,62318,355791,652368
C-5,ponchi-batch-003,assets/ponchi/final_candidates/ponchi-batch-003/C-5_candidate.webp,assets/ponchi/final_candidates/ponchi-batch-003/C-5_candidate.png,assets/ponchi/final/C-5.webp,assets/ponchi/final/C-5.png,1254x627,34422,61090,549223,655660
C-6,ponchi-batch-003,assets/ponchi/final_candidates/ponchi-batch-003/C-6_candidate.webp,assets/ponchi/final_candidates/ponchi-batch-003/C-6_candidate.png,assets/ponchi/final/C-6.webp,assets/ponchi/final/C-6.png,1254x627,42614,49950,598996,560344
C-7,ponchi-batch-003,assets/ponchi/final_candidates/ponchi-batch-003/C-7_candidate.webp,assets/ponchi/final_candidates/ponchi-batch-003/C-7_candidate.png,assets/ponchi/final/C-7.webp,assets/ponchi/final/C-7.png,1254x627,51424,62490,575998,662365
C-8,ponchi-batch-003,assets/ponchi/final_candidates/ponchi-batch-003/C-8_candidate.webp,assets/ponchi/final_candidates/ponchi-batch-003/C-8_candidate.png,assets/ponchi/final/C-8.webp,assets/ponchi/final/C-8.png,1254x627,38396,55196,478715,592722
C-9,ponchi-batch-003,assets/ponchi/final_candidates/ponchi-batch-003/C-9_candidate.webp,assets/ponchi/final_candidates/ponchi-batch-003/C-9_candidate.png,assets/ponchi/final/C-9.webp,assets/ponchi/final/C-9.png,1254x627,52960,67870,640946,663028
C-10,ponchi-batch-004,assets/ponchi/final_candidates/ponchi-batch-004/C-10_candidate.webp,assets/ponchi/final_candidates/ponchi-batch-004/C-10_candidate.png,assets/ponchi/final/C-10.webp,assets/ponchi/final/C-10.png,1254x627,39120,73640,534794,750998
C-11,ponchi-batch-004,assets/ponchi/final_candidates/ponchi-batch-004/C-11_candidate.webp,assets/ponchi/final_candidates/ponchi-batch-004/C-11_candidate.png,assets/ponchi/final/C-11.webp,assets/ponchi/final/C-11.png,1254x627,37608,85302,501882,88066
C-12,ponchi-batch-004,assets/ponchi/final_candidates/ponchi-batch-004/C-12_candidate.webp,assets/ponchi/final_candidates/ponchi-batch-004/C-12_candidate.png,assets/ponchi/final/C-12.webp,assets/ponchi/final/C-12.png,1254x627,56224,73772,669516,704172
C-13,ponchi-batch-004,assets/ponchi/final_candidates/ponchi-batch-004/C-13_candidate.webp,assets/ponchi/final_candidates/ponchi-batch-004/C-13_candidate.png,assets/ponchi/final/C-13.webp,assets/ponchi/final/C-13.png,1254x627,25330,85756,395089,88964
C-14,ponchi-batch-004,assets/ponchi/final_candidates/ponchi-batch-004/C-14_candidate.webp,assets/ponchi/final_candidates/ponchi-batch-004/C-14_candidate.png,assets/ponchi/final/C-14.webp,assets/ponchi/final/C-14.png,1254x627,35558,71842,486688,702495
C-50,ponchi-batch-004,assets/ponchi/final_candidates/ponchi-batch-004/C-50_candidate.webp,assets/ponchi/final_candidates/ponchi-batch-004/C-50_candidate.png,assets/ponchi/final/C-50.webp,assets/ponchi/final/C-50.png,1254x627,32828,52172,439700,655003
C-51,ponchi-batch-004,assets/ponchi/final_candidates/ponchi-batch-004/C-51_candidate.webp,assets/ponchi/final_candidates/ponchi-batch-004/C-51_candidate.png,assets/ponchi/final/C-51.webp,assets/ponchi/final/C-51.png,1254x627,38492,74772,539093,739034
C-52,ponchi-batch-004,assets/ponchi/final_candidates/ponchi-batch-004/C-52_candidate.webp,assets/ponchi/final_candidates/ponchi-batch-004/C-52_candidate.png,assets/ponchi/final/C-52.webp,assets/ponchi/final/C-52.png,1254x627,50032,79146,594842,727667
C-53,ponchi-batch-004,assets/ponchi/final_candidates/ponchi-batch-004/C-53_candidate.webp,assets/ponchi/final_candidates/ponchi-batch-004/C-53_candidate.png,assets/ponchi/final/C-53.webp,assets/ponchi/final/C-53.png,1254x627,51418,77672,619034,665746
C-54,ponchi-batch-004,assets/ponchi/final_candidates/ponchi-batch-004/C-54_candidate.webp,assets/ponchi/final_candidates/ponchi-batch-004/C-54_candidate.png,assets/ponchi/final/C-54.webp,assets/ponchi/final/C-54.png,1254x627,42868,82864,533745,741202
C-55,ponchi-batch-004,assets/ponchi/final_candidates/ponchi-batch-004/C-55_candidate.webp,assets/ponchi/final_candidates/ponchi-batch-004/C-55_candidate.png,assets/ponchi/final/C-55.webp,assets/ponchi/final/C-55.png,1254x627,48846,77382,592831,709426
C-56,ponchi-batch-004,assets/ponchi/final_candidates/ponchi-batch-004/C-56_candidate.webp,assets/ponchi/final_candidates/ponchi-batch-004/C-56_candidate.png,assets/ponchi/final/C-56.webp,assets/ponchi/final/C-56.png,1254x627,47836,105138,697900,821096
C-57,ponchi-batch-004,assets/ponchi/final_candidates/ponchi-batch-004/C-57_candidate.webp,assets/ponchi/final_candidates/ponchi-batch-004/C-57_candidate.png,assets/ponchi/final/C-57.webp,assets/ponchi/final/C-57.png,1254x627,49444,80610,565058,718030
C-58,ponchi-batch-004,assets/ponchi/final_candidates/ponchi-batch-004/C-58_candidate.webp,assets/ponchi/final_candidates/ponchi-batch-004/C-58_candidate.png,assets/ponchi/final/C-58.webp,assets/ponchi/final/C-58.png,1254x627,39434,104364,669220,110799
C-59,ponchi-batch-004,assets/ponchi/final_candidates/ponchi-batch-004/C-59_candidate.webp,assets/ponchi/final_candidates/ponchi-batch-004/C-59_candidate.png,assets/ponchi/final/C-59.webp,assets/ponchi/final/C-59.png,1254x627,46592,112636,560033,109230
C-60,ponchi-batch-004,assets/ponchi/final_candidates/ponchi-batch-004/C-60_candidate.webp,assets/ponchi/final_candidates/ponchi-batch-004/C-60_candidate.png,assets/ponchi/final/C-60.webp,assets/ponchi/final/C-60.png,1254x627,42886,76834,582630,743973
C-80,ponchi-batch-004,assets/ponchi/final_candidates/ponchi-batch-004/C-80_candidate.webp,assets/ponchi/final_candidates/ponchi-batch-004/C-80_candidate.png,assets/ponchi/final/C-80.webp,assets/ponchi/final/C-80.png,1254x627,42860,82848,455781,104824
C-81,ponchi-batch-004,assets/ponchi/final_candidates/ponchi-batch-004/C-81_candidate.webp,assets/ponchi/final_candidates/ponchi-batch-004/C-81_candidate.png,assets/ponchi/final/C-81.webp,assets/ponchi/final/C-81.png,1254x627,50358,99156,548878,103507
C-82,ponchi-batch-004,assets/ponchi/final_candidates/ponchi-batch-004/C-82_candidate.webp,assets/ponchi/final_candidates/ponchi-batch-004/C-82_candidate.png,assets/ponchi/final/C-82.webp,assets/ponchi/final/C-82.png,1254x627,41736,113206,458279,152331
C-83,ponchi-batch-004,assets/ponchi/final_candidates/ponchi-batch-004/C-83_candidate.webp,assets/ponchi/final_candidates/ponchi-batch-004/C-83_candidate.png,assets/ponchi/final/C-83.webp,assets/ponchi/final/C-83.png,1254x627,62356,81406,788133,105104
D-10,ponchi-batch-005,assets/ponchi/final_candidates/ponchi-batch-005/D-10_candidate.webp,assets/ponchi/final_candidates/ponchi-batch-005/D-10_candidate.png,assets/ponchi/final/D-10.webp,assets/ponchi/final/D-10.png,1254x627,37258,83122,603890,94268
D-11,ponchi-batch-005,assets/ponchi/final_candidates/ponchi-batch-005/D-11_candidate.webp,assets/ponchi/final_candidates/ponchi-batch-005/D-11_candidate.png,assets/ponchi/final/D-11.webp,assets/ponchi/final/D-11.png,1254x627,27580,80950,306694,92835
D-12,ponchi-batch-005,assets/ponchi/final_candidates/ponchi-batch-005/D-12_candidate.webp,assets/ponchi/final_candidates/ponchi-batch-005/D-12_candidate.png,assets/ponchi/final/D-12.webp,assets/ponchi/final/D-12.png,1254x627,48778,60370,557268,671505
D-13,ponchi-batch-005,assets/ponchi/final_candidates/ponchi-batch-005/D-13_candidate.webp,assets/ponchi/final_candidates/ponchi-batch-005/D-13_candidate.png,assets/ponchi/final/D-13.webp,assets/ponchi/final/D-13.png,1254x627,37486,68286,628235,84418
D-14,ponchi-batch-005,assets/ponchi/final_candidates/ponchi-batch-005/D-14_candidate.webp,assets/ponchi/final_candidates/ponchi-batch-005/D-14_candidate.png,assets/ponchi/final/D-14.webp,assets/ponchi/final/D-14.png,1254x627,46194,61024,618756,628755
D-1,ponchi-batch-005,assets/ponchi/final_candidates/ponchi-batch-005/D-1_candidate.webp,assets/ponchi/final_candidates/ponchi-batch-005/D-1_candidate.png,assets/ponchi/final/D-1.webp,assets/ponchi/final/D-1.png,1254x627,29424,60254,396383,625890
D-20,ponchi-batch-005,assets/ponchi/final_candidates/ponchi-batch-005/D-20_candidate.webp,assets/ponchi/final_candidates/ponchi-batch-005/D-20_candidate.png,assets/ponchi/final/D-20.webp,assets/ponchi/final/D-20.png,1254x627,35756,76586,381816,91682
D-21,ponchi-batch-005,assets/ponchi/final_candidates/ponchi-batch-005/D-21_candidate.webp,assets/ponchi/final_candidates/ponchi-batch-005/D-21_candidate.png,assets/ponchi/final/D-21.webp,assets/ponchi/final/D-21.png,1254x627,33740,69944,363658,85659
D-22,ponchi-batch-005,assets/ponchi/final_candidates/ponchi-batch-005/D-22_candidate.webp,assets/ponchi/final_candidates/ponchi-batch-005/D-22_candidate.png,assets/ponchi/final/D-22.webp,assets/ponchi/final/D-22.png,1254x627,32856,61284,331824,637028
D-23,ponchi-batch-005,assets/ponchi/final_candidates/ponchi-batch-005/D-23_candidate.webp,assets/ponchi/final_candidates/ponchi-batch-005/D-23_candidate.png,assets/ponchi/final/D-23.webp,assets/ponchi/final/D-23.png,1254x627,58406,81254,747400,91313
D-24,ponchi-batch-005,assets/ponchi/final_candidates/ponchi-batch-005/D-24_candidate.webp,assets/ponchi/final_candidates/ponchi-batch-005/D-24_candidate.png,assets/ponchi/final/D-24.webp,assets/ponchi/final/D-24.png,1254x627,35026,91244,366264,107040
D-25,ponchi-batch-005,assets/ponchi/final_candidates/ponchi-batch-005/D-25_candidate.webp,assets/ponchi/final_candidates/ponchi-batch-005/D-25_candidate.png,assets/ponchi/final/D-25.webp,assets/ponchi/final/D-25.png,1254x627,29846,91686,321687,109375
D-26,ponchi-batch-005,assets/ponchi/final_candidates/ponchi-batch-005/D-26_candidate.webp,assets/ponchi/final_candidates/ponchi-batch-005/D-26_candidate.png,assets/ponchi/final/D-26.webp,assets/ponchi/final/D-26.png,1254x627,44568,87970,429805,100330
D-2,ponchi-batch-005,assets/ponchi/final_candidates/ponchi-batch-005/D-2_candidate.webp,assets/ponchi/final_candidates/ponchi-batch-005/D-2_candidate.png,assets/ponchi/final/D-2.webp,assets/ponchi/final/D-2.png,1254x627,31972,63384,359957,649269
D-30,ponchi-batch-005,assets/ponchi/final_candidates/ponchi-batch-005/D-30_candidate.webp,assets/ponchi/final_candidates/ponchi-batch-005/D-30_candidate.png,assets/ponchi/final/D-30.webp,assets/ponchi/final/D-30.png,1254x627,29516,75610,328735,88969
D-35,ponchi-batch-005,assets/ponchi/final_candidates/ponchi-batch-005/D-35_candidate.webp,assets/ponchi/final_candidates/ponchi-batch-005/D-35_candidate.png,assets/ponchi/final/D-35.webp,assets/ponchi/final/D-35.png,1254x627,30432,45814,386438,575445
D-3,ponchi-batch-005,assets/ponchi/final_candidates/ponchi-batch-005/D-3_candidate.webp,assets/ponchi/final_candidates/ponchi-batch-005/D-3_candidate.png,assets/ponchi/final/D-3.webp,assets/ponchi/final/D-3.png,1254x627,36066,49352,650536,595250
D-40,ponchi-batch-005,assets/ponchi/final_candidates/ponchi-batch-005/D-40_candidate.webp,assets/ponchi/final_candidates/ponchi-batch-005/D-40_candidate.png,assets/ponchi/final/D-40.webp,assets/ponchi/final/D-40.png,1254x627,36656,97588,426658,117764
D-41,ponchi-batch-005,assets/ponchi/final_candidates/ponchi-batch-005/D-41_candidate.webp,assets/ponchi/final_candidates/ponchi-batch-005/D-41_candidate.png,assets/ponchi/final/D-41.webp,assets/ponchi/final/D-41.png,1254x627,35658,85930,430795,97271
D-4,ponchi-batch-005,assets/ponchi/final_candidates/ponchi-batch-005/D-4_candidate.webp,assets/ponchi/final_candidates/ponchi-batch-005/D-4_candidate.png,assets/ponchi/final/D-4.webp,assets/ponchi/final/D-4.png,1254x627,32002,79720,362121,93061
D-42,ponchi-batch-006,assets/ponchi/final_candidates/ponchi-batch-006/D-42_candidate.webp,assets/ponchi/final_candidates/ponchi-batch-006/D-42_candidate.png,assets/ponchi/final/D-42.webp,assets/ponchi/final/D-42.png,1254x627,35740,77660,411111,101118
D-43,ponchi-batch-006,assets/ponchi/final_candidates/ponchi-batch-006/D-43_candidate.webp,assets/ponchi/final_candidates/ponchi-batch-006/D-43_candidate.png,assets/ponchi/final/D-43.webp,assets/ponchi/final/D-43.png,1254x627,42972,94288,500791,688000
D-44,ponchi-batch-006,assets/ponchi/final_candidates/ponchi-batch-006/D-44_candidate.webp,assets/ponchi/final_candidates/ponchi-batch-006/D-44_candidate.png,assets/ponchi/final/D-44.webp,assets/ponchi/final/D-44.png,1254x627,33190,85940,352584,677467
D-45,ponchi-batch-006,assets/ponchi/final_candidates/ponchi-batch-006/D-45_candidate.webp,assets/ponchi/final_candidates/ponchi-batch-006/D-45_candidate.png,assets/ponchi/final/D-45.webp,assets/ponchi/final/D-45.png,1254x627,32974,83718,429894,89628
D-46,ponchi-batch-006,assets/ponchi/final_candidates/ponchi-batch-006/D-46_candidate.webp,assets/ponchi/final_candidates/ponchi-batch-006/D-46_candidate.png,assets/ponchi/final/D-46.webp,assets/ponchi/final/D-46.png,1254x627,33932,94492,411503,98572
D-47,ponchi-batch-006,assets/ponchi/final_candidates/ponchi-batch-006/D-47_candidate.webp,assets/ponchi/final_candidates/ponchi-batch-006/D-47_candidate.png,assets/ponchi/final/D-47.webp,assets/ponchi/final/D-47.png,1254x627,29020,78232,364127,94845
D-50,ponchi-batch-006,assets/ponchi/final_candidates/ponchi-batch-006/D-50_candidate.webp,assets/ponchi/final_candidates/ponchi-batch-006/D-50_candidate.png,assets/ponchi/final/D-50.webp,assets/ponchi/final/D-50.png,1254x627,29256,95224,304062,104989
D-51,ponchi-batch-006,assets/ponchi/final_candidates/ponchi-batch-006/D-51_candidate.webp,assets/ponchi/final_candidates/ponchi-batch-006/D-51_candidate.png,assets/ponchi/final/D-51.webp,assets/ponchi/final/D-51.png,1254x627,31032,32954,310875,27105
D-52,ponchi-batch-006,assets/ponchi/final_candidates/ponchi-batch-006/D-52_candidate.webp,assets/ponchi/final_candidates/ponchi-batch-006/D-52_candidate.png,assets/ponchi/final/D-52.webp,assets/ponchi/final/D-52.png,1254x627,46944,101648,493987,112268
D-53,ponchi-batch-006,assets/ponchi/final_candidates/ponchi-batch-006/D-53_candidate.webp,assets/ponchi/final_candidates/ponchi-batch-006/D-53_candidate.png,assets/ponchi/final/D-53.webp,assets/ponchi/final/D-53.png,1254x627,74610,109858,676062,128586
D-54,ponchi-batch-006,assets/ponchi/final_candidates/ponchi-batch-006/D-54_candidate.webp,assets/ponchi/final_candidates/ponchi-batch-006/D-54_candidate.png,assets/ponchi/final/D-54.webp,assets/ponchi/final/D-54.png,1254x627,54486,108526,493585,114885
D-55,ponchi-batch-006,assets/ponchi/final_candidates/ponchi-batch-006/D-55_candidate.webp,assets/ponchi/final_candidates/ponchi-batch-006/D-55_candidate.png,assets/ponchi/final/D-55.webp,assets/ponchi/final/D-55.png,1254x627,36720,88156,372417,94227
D-56,ponchi-batch-006,assets/ponchi/final_candidates/ponchi-batch-006/D-56_candidate.webp,assets/ponchi/final_candidates/ponchi-batch-006/D-56_candidate.png,assets/ponchi/final/D-56.webp,assets/ponchi/final/D-56.png,1254x627,44374,93066,424673,95043
D-57,ponchi-batch-006,assets/ponchi/final_candidates/ponchi-batch-006/D-57_candidate.webp,assets/ponchi/final_candidates/ponchi-batch-006/D-57_candidate.png,assets/ponchi/final/D-57.webp,assets/ponchi/final/D-57.png,1254x627,37784,121516,361882,118465
D-58,ponchi-batch-006,assets/ponchi/final_candidates/ponchi-batch-006/D-58_candidate.webp,assets/ponchi/final_candidates/ponchi-batch-006/D-58_candidate.png,assets/ponchi/final/D-58.webp,assets/ponchi/final/D-58.png,1254x627,44566,117948,423440,113146
D-60,ponchi-batch-006,assets/ponchi/final_candidates/ponchi-batch-006/D-60_candidate.webp,assets/ponchi/final_candidates/ponchi-batch-006/D-60_candidate.png,assets/ponchi/final/D-60.webp,assets/ponchi/final/D-60.png,1254x627,44856,33998,413043,28211
D-70,ponchi-batch-006,assets/ponchi/final_candidates/ponchi-batch-006/D-70_candidate.webp,assets/ponchi/final_candidates/ponchi-batch-006/D-70_candidate.png,assets/ponchi/final/D-70.webp,assets/ponchi/final/D-70.png,1254x627,41312,90248,399711,103787
D-71,ponchi-batch-006,assets/ponchi/final_candidates/ponchi-batch-006/D-71_candidate.webp,assets/ponchi/final_candidates/ponchi-batch-006/D-71_candidate.png,assets/ponchi/final/D-71.webp,assets/ponchi/final/D-71.png,1254x627,39398,77286,406724,87632
E-1,ponchi-batch-006,assets/ponchi/final_candidates/ponchi-batch-006/E-1_candidate.webp,assets/ponchi/final_candidates/ponchi-batch-006/E-1_candidate.png,assets/ponchi/final/E-1.webp,assets/ponchi/final/E-1.png,1254x627,16910,98422,226477,91671
E-2,ponchi-batch-006,assets/ponchi/final_candidates/ponchi-batch-006/E-2_candidate.webp,assets/ponchi/final_candidates/ponchi-batch-006/E-2_candidate.png,assets/ponchi/final/E-2.webp,assets/ponchi/final/E-2.png,1254x627,27286,107718,310685,100130
E-20,ponchi-batch-007,assets/ponchi/final_candidates/ponchi-batch-007/E-20_candidate.webp,assets/ponchi/final_candidates/ponchi-batch-007/E-20_candidate.png,assets/ponchi/final/E-20.webp,assets/ponchi/final/E-20.png,1254x627,39500,99646,403201,98670
E-21,ponchi-batch-007,assets/ponchi/final_candidates/ponchi-batch-007/E-21_candidate.webp,assets/ponchi/final_candidates/ponchi-batch-007/E-21_candidate.png,assets/ponchi/final/E-21.webp,assets/ponchi/final/E-21.png,1254x627,42918,82058,438141,88203
E-22,ponchi-batch-007,assets/ponchi/final_candidates/ponchi-batch-007/E-22_candidate.webp,assets/ponchi/final_candidates/ponchi-batch-007/E-22_candidate.png,assets/ponchi/final/E-22.webp,assets/ponchi/final/E-22.png,1254x627,32856,95702,369117,105001
E-23,ponchi-batch-007,assets/ponchi/final_candidates/ponchi-batch-007/E-23_candidate.webp,assets/ponchi/final_candidates/ponchi-batch-007/E-23_candidate.png,assets/ponchi/final/E-23.webp,assets/ponchi/final/E-23.png,1254x627,29332,75762,326640,73338
E-24,ponchi-batch-007,assets/ponchi/final_candidates/ponchi-batch-007/E-24_candidate.webp,assets/ponchi/final_candidates/ponchi-batch-007/E-24_candidate.png,assets/ponchi/final/E-24.webp,assets/ponchi/final/E-24.png,1254x627,19676,94558,250369,93706
E-25,ponchi-batch-007,assets/ponchi/final_candidates/ponchi-batch-007/E-25_candidate.webp,assets/ponchi/final_candidates/ponchi-batch-007/E-25_candidate.png,assets/ponchi/final/E-25.webp,assets/ponchi/final/E-25.png,1254x627,43672,97292,2498629,97922
E-26,ponchi-batch-007,assets/ponchi/final_candidates/ponchi-batch-007/E-26_candidate.webp,assets/ponchi/final_candidates/ponchi-batch-007/E-26_candidate.png,assets/ponchi/final/E-26.webp,assets/ponchi/final/E-26.png,1254x627,67056,95346,3044776,96113
E-27,ponchi-batch-007,assets/ponchi/final_candidates/ponchi-batch-007/E-27_candidate.webp,assets/ponchi/final_candidates/ponchi-batch-007/E-27_candidate.png,assets/ponchi/final/E-27.webp,assets/ponchi/final/E-27.png,1254x627,42572,95078,2585638,96105
E-30,ponchi-batch-007,assets/ponchi/final_candidates/ponchi-batch-007/E-30_candidate.webp,assets/ponchi/final_candidates/ponchi-batch-007/E-30_candidate.png,assets/ponchi/final/E-30.webp,assets/ponchi/final/E-30.png,1254x627,34844,83032,2358691,85104
E-31,ponchi-batch-007,assets/ponchi/final_candidates/ponchi-batch-007/E-31_candidate.webp,assets/ponchi/final_candidates/ponchi-batch-007/E-31_candidate.png,assets/ponchi/final/E-31.webp,assets/ponchi/final/E-31.png,1254x627,36538,79190,676156,77063
E-32,ponchi-batch-007,assets/ponchi/final_candidates/ponchi-batch-007/E-32_candidate.webp,assets/ponchi/final_candidates/ponchi-batch-007/E-32_candidate.png,assets/ponchi/final/E-32.webp,assets/ponchi/final/E-32.png,1254x627,40640,96044,686629,86656
E-33,ponchi-batch-007,assets/ponchi/final_candidates/ponchi-batch-007/E-33_candidate.webp,assets/ponchi/final_candidates/ponchi-batch-007/E-33_candidate.png,assets/ponchi/final/E-33.webp,assets/ponchi/final/E-33.png,1254x627,50830,118022,719373,113599
E-34,ponchi-batch-007,assets/ponchi/final_candidates/ponchi-batch-007/E-34_candidate.webp,assets/ponchi/final_candidates/ponchi-batch-007/E-34_candidate.png,assets/ponchi/final/E-34.webp,assets/ponchi/final/E-34.png,1254x627,42020,83620,684459,79777
E-3,ponchi-batch-007,assets/ponchi/final_candidates/ponchi-batch-007/E-3_candidate.webp,assets/ponchi/final_candidates/ponchi-batch-007/E-3_candidate.png,assets/ponchi/final/E-3.webp,assets/ponchi/final/E-3.png,1254x627,41466,64306,481069,60200
E-4,ponchi-batch-007,assets/ponchi/final_candidates/ponchi-batch-007/E-4_candidate.webp,assets/ponchi/final_candidates/ponchi-batch-007/E-4_candidate.png,assets/ponchi/final/E-4.webp,assets/ponchi/final/E-4.png,1254x627,31336,62960,387086,65665
E-50,ponchi-batch-007,assets/ponchi/final_candidates/ponchi-batch-007/E-50_candidate.webp,assets/ponchi/final_candidates/ponchi-batch-007/E-50_candidate.png,assets/ponchi/final/E-50.webp,assets/ponchi/final/E-50.png,1254x627,35478,70926,2320575,72283
E-51,ponchi-batch-007,assets/ponchi/final_candidates/ponchi-batch-007/E-51_candidate.webp,assets/ponchi/final_candidates/ponchi-batch-007/E-51_candidate.png,assets/ponchi/final/E-51.webp,assets/ponchi/final/E-51.png,1254x627,39832,108492,675579,116985
F-1,ponchi-batch-007,assets/ponchi/final_candidates/ponchi-batch-007/F-1_candidate.webp,assets/ponchi/final_candidates/ponchi-batch-007/F-1_candidate.png,assets/ponchi/final/F-1.webp,assets/ponchi/final/F-1.png,1254x627,31256,68656,390447,70708
F-2,ponchi-batch-007,assets/ponchi/final_candidates/ponchi-batch-007/F-2_candidate.webp,assets/ponchi/final_candidates/ponchi-batch-007/F-2_candidate.png,assets/ponchi/final/F-2.webp,assets/ponchi/final/F-2.png,1254x627,33540,86918,363764,110744
F-3,ponchi-batch-007,assets/ponchi/final_candidates/ponchi-batch-007/F-3_candidate.webp,assets/ponchi/final_candidates/ponchi-batch-007/F-3_candidate.png,assets/ponchi/final/F-3.webp,assets/ponchi/final/F-3.png,1254x627,30294,80772,385243,81377
F-10,ponchi-batch-008,assets/ponchi/final_candidates/ponchi-batch-008/F-10_candidate.webp,assets/ponchi/final_candidates/ponchi-batch-008/F-10_candidate.png,assets/ponchi/final/F-10.webp,assets/ponchi/final/F-10.png,1254x627,27474,80686,333663,92878
F-11,ponchi-batch-008,assets/ponchi/final_candidates/ponchi-batch-008/F-11_candidate.webp,assets/ponchi/final_candidates/ponchi-batch-008/F-11_candidate.png,assets/ponchi/final/F-11.webp,assets/ponchi/final/F-11.png,1254x627,27068,91926,333957,98220
F-12,ponchi-batch-008,assets/ponchi/final_candidates/ponchi-batch-008/F-12_candidate.webp,assets/ponchi/final_candidates/ponchi-batch-008/F-12_candidate.png,assets/ponchi/final/F-12.webp,assets/ponchi/final/F-12.png,1254x627,26236,70472,294364,79134
F-13,ponchi-batch-008,assets/ponchi/final_candidates/ponchi-batch-008/F-13_candidate.webp,assets/ponchi/final_candidates/ponchi-batch-008/F-13_candidate.png,assets/ponchi/final/F-13.webp,assets/ponchi/final/F-13.png,1254x627,23826,77056,262456,88439
F-14,ponchi-batch-008,assets/ponchi/final_candidates/ponchi-batch-008/F-14_candidate.webp,assets/ponchi/final_candidates/ponchi-batch-008/F-14_candidate.png,assets/ponchi/final/F-14.webp,assets/ponchi/final/F-14.png,1254x627,34908,97122,360808,116250
F-15,ponchi-batch-008,assets/ponchi/final_candidates/ponchi-batch-008/F-15_candidate.webp,assets/ponchi/final_candidates/ponchi-batch-008/F-15_candidate.png,assets/ponchi/final/F-15.webp,assets/ponchi/final/F-15.png,1254x627,47834,90808,697656,88308
F-16,ponchi-batch-008,assets/ponchi/final_candidates/ponchi-batch-008/F-16_candidate.webp,assets/ponchi/final_candidates/ponchi-batch-008/F-16_candidate.png,assets/ponchi/final/F-16.webp,assets/ponchi/final/F-16.png,1254x627,30206,91078,342814,94721
F-17,ponchi-batch-008,assets/ponchi/final_candidates/ponchi-batch-008/F-17_candidate.webp,assets/ponchi/final_candidates/ponchi-batch-008/F-17_candidate.png,assets/ponchi/final/F-17.webp,assets/ponchi/final/F-17.png,1254x627,31586,97150,425459,99109
F-20,ponchi-batch-008,assets/ponchi/final_candidates/ponchi-batch-008/F-20_candidate.webp,assets/ponchi/final_candidates/ponchi-batch-008/F-20_candidate.png,assets/ponchi/final/F-20.webp,assets/ponchi/final/F-20.png,1254x627,21676,77980,209205,91025
F-21,ponchi-batch-008,assets/ponchi/final_candidates/ponchi-batch-008/F-21_candidate.webp,assets/ponchi/final_candidates/ponchi-batch-008/F-21_candidate.png,assets/ponchi/final/F-21.webp,assets/ponchi/final/F-21.png,1254x627,23354,71466,215556,79452
F-30,ponchi-batch-008,assets/ponchi/final_candidates/ponchi-batch-008/F-30_candidate.webp,assets/ponchi/final_candidates/ponchi-batch-008/F-30_candidate.png,assets/ponchi/final/F-30.webp,assets/ponchi/final/F-30.png,1254x627,27554,65430,325678,79609
F-34,ponchi-batch-008,assets/ponchi/final_candidates/ponchi-batch-008/F-34_candidate.webp,assets/ponchi/final_candidates/ponchi-batch-008/F-34_candidate.png,assets/ponchi/final/F-34.webp,assets/ponchi/final/F-34.png,1254x627,36132,83080,650099,98626
F-35,ponchi-batch-008,assets/ponchi/final_candidates/ponchi-batch-008/F-35_candidate.webp,assets/ponchi/final_candidates/ponchi-batch-008/F-35_candidate.png,assets/ponchi/final/F-35.webp,assets/ponchi/final/F-35.png,1254x627,22182,78262,272846,102972
F-36,ponchi-batch-008,assets/ponchi/final_candidates/ponchi-batch-008/F-36_candidate.webp,assets/ponchi/final_candidates/ponchi-batch-008/F-36_candidate.png,assets/ponchi/final/F-36.webp,assets/ponchi/final/F-36.png,1254x627,36580,61782,407549,68276
F-4,ponchi-batch-008,assets/ponchi/final_candidates/ponchi-batch-008/F-4_candidate.webp,assets/ponchi/final_candidates/ponchi-batch-008/F-4_candidate.png,assets/ponchi/final/F-4.webp,assets/ponchi/final/F-4.png,1254x627,19102,74438,281480,68492
F-5,ponchi-batch-008,assets/ponchi/final_candidates/ponchi-batch-008/F-5_candidate.webp,assets/ponchi/final_candidates/ponchi-batch-008/F-5_candidate.png,assets/ponchi/final/F-5.webp,assets/ponchi/final/F-5.png,1254x627,22276,82016,319781,76469
F-6,ponchi-batch-008,assets/ponchi/final_candidates/ponchi-batch-008/F-6_candidate.webp,assets/ponchi/final_candidates/ponchi-batch-008/F-6_candidate.png,assets/ponchi/final/F-6.webp,assets/ponchi/final/F-6.png,1254x627,35724,58574,421862,55106
F-7,ponchi-batch-008,assets/ponchi/final_candidates/ponchi-batch-008/F-7_candidate.webp,assets/ponchi/final_candidates/ponchi-batch-008/F-7_candidate.png,assets/ponchi/final/F-7.webp,assets/ponchi/final/F-7.png,1254x627,31412,86846,612855,83798
F-8,ponchi-batch-008,assets/ponchi/final_candidates/ponchi-batch-008/F-8_candidate.webp,assets/ponchi/final_candidates/ponchi-batch-008/F-8_candidate.png,assets/ponchi/final/F-8.webp,assets/ponchi/final/F-8.png,1254x627,30780,72706,396036,78055
F-9,ponchi-batch-008,assets/ponchi/final_candidates/ponchi-batch-008/F-9_candidate.webp,assets/ponchi/final_candidates/ponchi-batch-008/F-9_candidate.png,assets/ponchi/final/F-9.webp,assets/ponchi/final/F-9.png,1254x627,23406,77250,277868,84762
F-37,ponchi-batch-009,assets/ponchi/final_candidates/ponchi-batch-009/F-37_candidate.webp,assets/ponchi/final_candidates/ponchi-batch-009/F-37_candidate.png,assets/ponchi/final/F-37.webp,assets/ponchi/final/F-37.png,1254x627,24422,66452,287254,80351
F-38,ponchi-batch-009,assets/ponchi/final_candidates/ponchi-batch-009/F-38_candidate.webp,assets/ponchi/final_candidates/ponchi-batch-009/F-38_candidate.png,assets/ponchi/final/F-38.webp,assets/ponchi/final/F-38.png,1254x627,26112,69532,280355,69656
F-40,ponchi-batch-009,assets/ponchi/final_candidates/ponchi-batch-009/F-40_candidate.webp,assets/ponchi/final_candidates/ponchi-batch-009/F-40_candidate.png,assets/ponchi/final/F-40.webp,assets/ponchi/final/F-40.png,1254x627,31968,62140,383463,63672
F-41,ponchi-batch-009,assets/ponchi/final_candidates/ponchi-batch-009/F-41_candidate.webp,assets/ponchi/final_candidates/ponchi-batch-009/F-41_candidate.png,assets/ponchi/final/F-41.webp,assets/ponchi/final/F-41.png,1254x627,25366,67738,289390,83456
F-42,ponchi-batch-009,assets/ponchi/final_candidates/ponchi-batch-009/F-42_candidate.webp,assets/ponchi/final_candidates/ponchi-batch-009/F-42_candidate.png,assets/ponchi/final/F-42.webp,assets/ponchi/final/F-42.png,1254x627,25062,86884,296712,87773
F-44,ponchi-batch-009,assets/ponchi/final_candidates/ponchi-batch-009/F-44_candidate.webp,assets/ponchi/final_candidates/ponchi-batch-009/F-44_candidate.png,assets/ponchi/final/F-44.webp,assets/ponchi/final/F-44.png,1254x627,29214,81016,280305,88243
F-50,ponchi-batch-009,assets/ponchi/final_candidates/ponchi-batch-009/F-50_candidate.webp,assets/ponchi/final_candidates/ponchi-batch-009/F-50_candidate.png,assets/ponchi/final/F-50.webp,assets/ponchi/final/F-50.png,1254x627,34860,79370,347417,91851
F-51,ponchi-batch-009,assets/ponchi/final_candidates/ponchi-batch-009/F-51_candidate.webp,assets/ponchi/final_candidates/ponchi-batch-009/F-51_candidate.png,assets/ponchi/final/F-51.webp,assets/ponchi/final/F-51.png,1254x627,21866,63566,251033,66917
F-52,ponchi-batch-009,assets/ponchi/final_candidates/ponchi-batch-009/F-52_candidate.webp,assets/ponchi/final_candidates/ponchi-batch-009/F-52_candidate.png,assets/ponchi/final/F-52.webp,assets/ponchi/final/F-52.png,1254x627,32406,69608,435462,73984
F-53,ponchi-batch-009,assets/ponchi/final_candidates/ponchi-batch-009/F-53_candidate.webp,assets/ponchi/final_candidates/ponchi-batch-009/F-53_candidate.png,assets/ponchi/final/F-53.webp,assets/ponchi/final/F-53.png,1254x627,10438,70296,96694,70947
F-54,ponchi-batch-009,assets/ponchi/final_candidates/ponchi-batch-009/F-54_candidate.webp,assets/ponchi/final_candidates/ponchi-batch-009/F-54_candidate.png,assets/ponchi/final/F-54.webp,assets/ponchi/final/F-54.png,1254x627,17368,65984,189594,71258
F-55,ponchi-batch-009,assets/ponchi/final_candidates/ponchi-batch-009/F-55_candidate.webp,assets/ponchi/final_candidates/ponchi-batch-009/F-55_candidate.png,assets/ponchi/final/F-55.webp,assets/ponchi/final/F-55.png,1254x627,15200,51220,170328,55683
F-56,ponchi-batch-009,assets/ponchi/final_candidates/ponchi-batch-009/F-56_candidate.webp,assets/ponchi/final_candidates/ponchi-batch-009/F-56_candidate.png,assets/ponchi/final/F-56.webp,assets/ponchi/final/F-56.png,1254x627,29220,69922,294279,73052
F-57,ponchi-batch-009,assets/ponchi/final_candidates/ponchi-batch-009/F-57_candidate.webp,assets/ponchi/final_candidates/ponchi-batch-009/F-57_candidate.png,assets/ponchi/final/F-57.webp,assets/ponchi/final/F-57.png,1254x627,47240,67594,693410,72025
F-58,ponchi-batch-009,assets/ponchi/final_candidates/ponchi-batch-009/F-58_candidate.webp,assets/ponchi/final_candidates/ponchi-batch-009/F-58_candidate.png,assets/ponchi/final/F-58.webp,assets/ponchi/final/F-58.png,1254x627,43108,74362,680228,73595
F-59,ponchi-batch-009,assets/ponchi/final_candidates/ponchi-batch-009/F-59_candidate.webp,assets/ponchi/final_candidates/ponchi-batch-009/F-59_candidate.png,assets/ponchi/final/F-59.webp,assets/ponchi/final/F-59.png,1254x627,38976,67352,666787,69504
F-60,ponchi-batch-009,assets/ponchi/final_candidates/ponchi-batch-009/F-60_candidate.webp,assets/ponchi/final_candidates/ponchi-batch-009/F-60_candidate.png,assets/ponchi/final/F-60.webp,assets/ponchi/final/F-60.png,1254x627,36480,83394,676714,94424
F-61,ponchi-batch-009,assets/ponchi/final_candidates/ponchi-batch-009/F-61_candidate.webp,assets/ponchi/final_candidates/ponchi-batch-009/F-61_candidate.png,assets/ponchi/final/F-61.webp,assets/ponchi/final/F-61.png,1254x627,34420,79140,645247,87624
F-62,ponchi-batch-009,assets/ponchi/final_candidates/ponchi-batch-009/F-62_candidate.webp,assets/ponchi/final_candidates/ponchi-batch-009/F-62_candidate.png,assets/ponchi/final/F-62.webp,assets/ponchi/final/F-62.png,1254x627,38484,76840,672605,85833
F-71,ponchi-batch-009,assets/ponchi/final_candidates/ponchi-batch-009/F-71_candidate.webp,assets/ponchi/final_candidates/ponchi-batch-009/F-71_candidate.png,assets/ponchi/final/F-71.webp,assets/ponchi/final/F-71.png,1254x627,40868,50994,700289,52214
F-100,ponchi-batch-010,assets/ponchi/final_candidates/ponchi-batch-010/F-100_candidate.webp,assets/ponchi/final_candidates/ponchi-batch-010/F-100_candidate.png,assets/ponchi/final/F-100.webp,assets/ponchi/final/F-100.png,1254x627,47812,101762,702340,93289
F-101,ponchi-batch-010,assets/ponchi/final_candidates/ponchi-batch-010/F-101_candidate.webp,assets/ponchi/final_candidates/ponchi-batch-010/F-101_candidate.png,assets/ponchi/final/F-101.webp,assets/ponchi/final/F-101.png,1254x627,39932,82278,681972,76350
F-102,ponchi-batch-010,assets/ponchi/final_candidates/ponchi-batch-010/F-102_candidate.webp,assets/ponchi/final_candidates/ponchi-batch-010/F-102_candidate.png,assets/ponchi/final/F-102.webp,assets/ponchi/final/F-102.png,1254x627,37766,84448,684044,79532
F-103,ponchi-batch-010,assets/ponchi/final_candidates/ponchi-batch-010/F-103_candidate.webp,assets/ponchi/final_candidates/ponchi-batch-010/F-103_candidate.png,assets/ponchi/final/F-103.webp,assets/ponchi/final/F-103.png,1254x627,45764,68518,716481,66295
F-104,ponchi-batch-010,assets/ponchi/final_candidates/ponchi-batch-010/F-104_candidate.webp,assets/ponchi/final_candidates/ponchi-batch-010/F-104_candidate.png,assets/ponchi/final/F-104.webp,assets/ponchi/final/F-104.png,1254x627,37486,79720,683534,75340
F-110,ponchi-batch-010,assets/ponchi/final_candidates/ponchi-batch-010/F-110_candidate.webp,assets/ponchi/final_candidates/ponchi-batch-010/F-110_candidate.png,assets/ponchi/final/F-110.webp,assets/ponchi/final/F-110.png,1254x627,44718,62116,708186,77054
F-111,ponchi-batch-010,assets/ponchi/final_candidates/ponchi-batch-010/F-111_candidate.webp,assets/ponchi/final_candidates/ponchi-batch-010/F-111_candidate.png,assets/ponchi/final/F-111.webp,assets/ponchi/final/F-111.png,1254x627,50172,88474,725439,88334
F-120,ponchi-batch-010,assets/ponchi/final_candidates/ponchi-batch-010/F-120_candidate.webp,assets/ponchi/final_candidates/ponchi-batch-010/F-120_candidate.png,assets/ponchi/final/F-120.webp,assets/ponchi/final/F-120.png,1254x627,48354,85848,723808,102954
F-121,ponchi-batch-010,assets/ponchi/final_candidates/ponchi-batch-010/F-121_candidate.webp,assets/ponchi/final_candidates/ponchi-batch-010/F-121_candidate.png,assets/ponchi/final/F-121.webp,assets/ponchi/final/F-121.png,1254x627,44846,71684,712796,83784
F-122,ponchi-batch-010,assets/ponchi/final_candidates/ponchi-batch-010/F-122_candidate.webp,assets/ponchi/final_candidates/ponchi-batch-010/F-122_candidate.png,assets/ponchi/final/F-122.webp,assets/ponchi/final/F-122.png,1254x627,41012,83492,687387,100222
F-80,ponchi-batch-010,assets/ponchi/final_candidates/ponchi-batch-010/F-80_candidate.webp,assets/ponchi/final_candidates/ponchi-batch-010/F-80_candidate.png,assets/ponchi/final/F-80.webp,assets/ponchi/final/F-80.png,1254x627,40328,79328,695600,92876
F-81,ponchi-batch-010,assets/ponchi/final_candidates/ponchi-batch-010/F-81_candidate.webp,assets/ponchi/final_candidates/ponchi-batch-010/F-81_candidate.png,assets/ponchi/final/F-81.webp,assets/ponchi/final/F-81.png,1254x627,42358,68046,697833,67535
F-82,ponchi-batch-010,assets/ponchi/final_candidates/ponchi-batch-010/F-82_candidate.webp,assets/ponchi/final_candidates/ponchi-batch-010/F-82_candidate.png,assets/ponchi/final/F-82.webp,assets/ponchi/final/F-82.png,1254x627,46402,69584,726117,75001
F-83,ponchi-batch-010,assets/ponchi/final_candidates/ponchi-batch-010/F-83_candidate.webp,assets/ponchi/final_candidates/ponchi-batch-010/F-83_candidate.png,assets/ponchi/final/F-83.webp,assets/ponchi/final/F-83.png,1254x627,41134,78208,690178,91052
F-84,ponchi-batch-010,assets/ponchi/final_candidates/ponchi-batch-010/F-84_candidate.webp,assets/ponchi/final_candidates/ponchi-batch-010/F-84_candidate.png,assets/ponchi/final/F-84.webp,assets/ponchi/final/F-84.png,1254x627,45644,65424,729769,91713
F-85,ponchi-batch-010,assets/ponchi/final_candidates/ponchi-batch-010/F-85_candidate.webp,assets/ponchi/final_candidates/ponchi-batch-010/F-85_candidate.png,assets/ponchi/final/F-85.webp,assets/ponchi/final/F-85.png,1254x627,48176,66842,712118,68032
F-86,ponchi-batch-010,assets/ponchi/final_candidates/ponchi-batch-010/F-86_candidate.webp,assets/ponchi/final_candidates/ponchi-batch-010/F-86_candidate.png,assets/ponchi/final/F-86.webp,assets/ponchi/final/F-86.png,1254x627,48814,65240,723577,75224
F-87,ponchi-batch-010,assets/ponchi/final_candidates/ponchi-batch-010/F-87_candidate.webp,assets/ponchi/final_candidates/ponchi-batch-010/F-87_candidate.png,assets/ponchi/final/F-87.webp,assets/ponchi/final/F-87.png,1254x627,39588,67070,687250,75900
F-90,ponchi-batch-010,assets/ponchi/final_candidates/ponchi-batch-010/F-90_candidate.webp,assets/ponchi/final_candidates/ponchi-batch-010/F-90_candidate.png,assets/ponchi/final/F-90.webp,assets/ponchi/final/F-90.png,1254x627,44466,79170,700100,84660
F-91,ponchi-batch-010,assets/ponchi/final_candidates/ponchi-batch-010/F-91_candidate.webp,assets/ponchi/final_candidates/ponchi-batch-010/F-91_candidate.png,assets/ponchi/final/F-91.webp,assets/ponchi/final/F-91.png,1254x627,38752,73300,680241,77341
F-123,ponchi-batch-011,assets/ponchi/final_candidates/ponchi-batch-011/F-123_candidate.webp,assets/ponchi/final_candidates/ponchi-batch-011/F-123_candidate.png,assets/ponchi/final/F-123.webp,assets/ponchi/final/F-123.png,1254x627,41672,56782,687844,57829
F-130,ponchi-batch-011,assets/ponchi/final_candidates/ponchi-batch-011/F-130_candidate.webp,assets/ponchi/final_candidates/ponchi-batch-011/F-130_candidate.png,assets/ponchi/final/F-130.webp,assets/ponchi/final/F-130.png,1254x627,40676,88624,703156,86091
F-140,ponchi-batch-011,assets/ponchi/final_candidates/ponchi-batch-011/F-140_candidate.webp,assets/ponchi/final_candidates/ponchi-batch-011/F-140_candidate.png,assets/ponchi/final/F-140.webp,assets/ponchi/final/F-140.png,1254x627,44910,49726,702821,55646
F-141,ponchi-batch-011,assets/ponchi/final_candidates/ponchi-batch-011/F-141_candidate.webp,assets/ponchi/final_candidates/ponchi-batch-011/F-141_candidate.png,assets/ponchi/final/F-141.webp,assets/ponchi/final/F-141.png,1254x627,42276,68508,662518,76159
F-150,ponchi-batch-011,assets/ponchi/final_candidates/ponchi-batch-011/F-150_candidate.webp,assets/ponchi/final_candidates/ponchi-batch-011/F-150_candidate.png,assets/ponchi/final/F-150.webp,assets/ponchi/final/F-150.png,1254x627,38080,62002,667532,59360
F-151,ponchi-batch-011,assets/ponchi/final_candidates/ponchi-batch-011/F-151_candidate.webp,assets/ponchi/final_candidates/ponchi-batch-011/F-151_candidate.png,assets/ponchi/final/F-151.webp,assets/ponchi/final/F-151.png,1254x627,40248,78830,690055,82965
F-152,ponchi-batch-011,assets/ponchi/final_candidates/ponchi-batch-011/F-152_candidate.webp,assets/ponchi/final_candidates/ponchi-batch-011/F-152_candidate.png,assets/ponchi/final/F-152.webp,assets/ponchi/final/F-152.png,1254x627,40632,69268,684653,69360
F-153,ponchi-batch-011,assets/ponchi/final_candidates/ponchi-batch-011/F-153_candidate.webp,assets/ponchi/final_candidates/ponchi-batch-011/F-153_candidate.png,assets/ponchi/final/F-153.webp,assets/ponchi/final/F-153.png,1254x627,40332,70556,684579,83970
F-154,ponchi-batch-011,assets/ponchi/final_candidates/ponchi-batch-011/F-154_candidate.webp,assets/ponchi/final_candidates/ponchi-batch-011/F-154_candidate.png,assets/ponchi/final/F-154.webp,assets/ponchi/final/F-154.png,1254x627,60136,85514,782131,91502
F-160,ponchi-batch-011,assets/ponchi/final_candidates/ponchi-batch-011/F-160_candidate.webp,assets/ponchi/final_candidates/ponchi-batch-011/F-160_candidate.png,assets/ponchi/final/F-160.webp,assets/ponchi/final/F-160.png,1254x627,41722,86216,680584,76870
F-161,ponchi-batch-011,assets/ponchi/final_candidates/ponchi-batch-011/F-161_candidate.webp,assets/ponchi/final_candidates/ponchi-batch-011/F-161_candidate.png,assets/ponchi/final/F-161.webp,assets/ponchi/final/F-161.png,1254x627,41532,46450,711585,48075
F-162,ponchi-batch-011,assets/ponchi/final_candidates/ponchi-batch-011/F-162_candidate.webp,assets/ponchi/final_candidates/ponchi-batch-011/F-162_candidate.png,assets/ponchi/final/F-162.webp,assets/ponchi/final/F-162.png,1254x627,52854,62686,720264,59995
F-170,ponchi-batch-011,assets/ponchi/final_candidates/ponchi-batch-011/F-170_candidate.webp,assets/ponchi/final_candidates/ponchi-batch-011/F-170_candidate.png,assets/ponchi/final/F-170.webp,assets/ponchi/final/F-170.png,1254x627,39606,73632,697715,73972
F-171,ponchi-batch-011,assets/ponchi/final_candidates/ponchi-batch-011/F-171_candidate.webp,assets/ponchi/final_candidates/ponchi-batch-011/F-171_candidate.png,assets/ponchi/final/F-171.webp,assets/ponchi/final/F-171.png,1254x627,56684,66252,756495,76972
F-172,ponchi-batch-011,assets/ponchi/final_candidates/ponchi-batch-011/F-172_candidate.webp,assets/ponchi/final_candidates/ponchi-batch-011/F-172_candidate.png,assets/ponchi/final/F-172.webp,assets/ponchi/final/F-172.png,1254x627,30966,57762,663401,65040
F-180,ponchi-batch-011,assets/ponchi/final_candidates/ponchi-batch-011/F-180_candidate.webp,assets/ponchi/final_candidates/ponchi-batch-011/F-180_candidate.png,assets/ponchi/final/F-180.webp,assets/ponchi/final/F-180.png,1254x627,43604,80348,701529,87951
F-181,ponchi-batch-011,assets/ponchi/final_candidates/ponchi-batch-011/F-181_candidate.webp,assets/ponchi/final_candidates/ponchi-batch-011/F-181_candidate.png,assets/ponchi/final/F-181.webp,assets/ponchi/final/F-181.png,1254x627,36398,97744,683312,98619
F-190,ponchi-batch-011,assets/ponchi/final_candidates/ponchi-batch-011/F-190_candidate.webp,assets/ponchi/final_candidates/ponchi-batch-011/F-190_candidate.png,assets/ponchi/final/F-190.webp,assets/ponchi/final/F-190.png,1254x627,33274,67900,661016,80333
F-200,ponchi-batch-011,assets/ponchi/final_candidates/ponchi-batch-011/F-200_candidate.webp,assets/ponchi/final_candidates/ponchi-batch-011/F-200_candidate.png,assets/ponchi/final/F-200.webp,assets/ponchi/final/F-200.png,1254x627,47102,71972,735969,89680
G-1,ponchi-batch-011,assets/ponchi/final_candidates/ponchi-batch-011/G-1_candidate.webp,assets/ponchi/final_candidates/ponchi-batch-011/G-1_candidate.png,assets/ponchi/final/G-1.webp,assets/ponchi/final/G-1.png,1254x627,29978,74850,450337,73772
G-10,ponchi-batch-012,assets/ponchi/final_candidates/ponchi-batch-012/G-10_candidate.webp,assets/ponchi/final_candidates/ponchi-batch-012/G-10_candidate.png,assets/ponchi/final/G-10.webp,assets/ponchi/final/G-10.png,1254x627,36236,61708,506895,59392
G-11,ponchi-batch-012,assets/ponchi/final_candidates/ponchi-batch-012/G-11_candidate.webp,assets/ponchi/final_candidates/ponchi-batch-012/G-11_candidate.png,assets/ponchi/final/G-11.webp,assets/ponchi/final/G-11.png,1254x627,39680,66854,486922,60275
G-12,ponchi-batch-012,assets/ponchi/final_candidates/ponchi-batch-012/G-12_candidate.webp,assets/ponchi/final_candidates/ponchi-batch-012/G-12_candidate.png,assets/ponchi/final/G-12.webp,assets/ponchi/final/G-12.png,1254x627,40210,83678,676047,80555
G-13,ponchi-batch-012,assets/ponchi/final_candidates/ponchi-batch-012/G-13_candidate.webp,assets/ponchi/final_candidates/ponchi-batch-012/G-13_candidate.png,assets/ponchi/final/G-13.webp,assets/ponchi/final/G-13.png,1254x627,20590,54932,294050,53769
G-14,ponchi-batch-012,assets/ponchi/final_candidates/ponchi-batch-012/G-14_candidate.webp,assets/ponchi/final_candidates/ponchi-batch-012/G-14_candidate.png,assets/ponchi/final/G-14.webp,assets/ponchi/final/G-14.png,1254x627,24594,66190,343188,65618
G-15,ponchi-batch-012,assets/ponchi/final_candidates/ponchi-batch-012/G-15_candidate.webp,assets/ponchi/final_candidates/ponchi-batch-012/G-15_candidate.png,assets/ponchi/final/G-15.webp,assets/ponchi/final/G-15.png,1254x627,26392,84352,442689,92584
G-16,ponchi-batch-012,assets/ponchi/final_candidates/ponchi-batch-012/G-16_candidate.webp,assets/ponchi/final_candidates/ponchi-batch-012/G-16_candidate.png,assets/ponchi/final/G-16.webp,assets/ponchi/final/G-16.png,1254x627,19170,61318,319604,62471
G-17,ponchi-batch-012,assets/ponchi/final_candidates/ponchi-batch-012/G-17_candidate.webp,assets/ponchi/final_candidates/ponchi-batch-012/G-17_candidate.png,assets/ponchi/final/G-17.webp,assets/ponchi/final/G-17.png,1254x627,32690,68082,633120,68404
G-18,ponchi-batch-012,assets/ponchi/final_candidates/ponchi-batch-012/G-18_candidate.webp,assets/ponchi/final_candidates/ponchi-batch-012/G-18_candidate.png,assets/ponchi/final/G-18.webp,assets/ponchi/final/G-18.png,1254x627,27044,60394,464592,60853
G-19,ponchi-batch-012,assets/ponchi/final_candidates/ponchi-batch-012/G-19_candidate.webp,assets/ponchi/final_candidates/ponchi-batch-012/G-19_candidate.png,assets/ponchi/final/G-19.webp,assets/ponchi/final/G-19.png,1254x627,35028,50896,443648,48685
G-20,ponchi-batch-012,assets/ponchi/final_candidates/ponchi-batch-012/G-20_candidate.webp,assets/ponchi/final_candidates/ponchi-batch-012/G-20_candidate.png,assets/ponchi/final/G-20.webp,assets/ponchi/final/G-20.png,1254x627,38812,74530,635954,71090
G-21,ponchi-batch-012,assets/ponchi/final_candidates/ponchi-batch-012/G-21_candidate.webp,assets/ponchi/final_candidates/ponchi-batch-012/G-21_candidate.png,assets/ponchi/final/G-21.webp,assets/ponchi/final/G-21.png,1254x627,34136,90828,613521,78707
G-2,ponchi-batch-012,assets/ponchi/final_candidates/ponchi-batch-012/G-2_candidate.webp,assets/ponchi/final_candidates/ponchi-batch-012/G-2_candidate.png,assets/ponchi/final/G-2.webp,assets/ponchi/final/G-2.png,1254x627,26154,88624,505603,86091
G-3,ponchi-batch-012,assets/ponchi/final_candidates/ponchi-batch-012/G-3_candidate.webp,assets/ponchi/final_candidates/ponchi-batch-012/G-3_candidate.png,assets/ponchi/final/G-3.webp,assets/ponchi/final/G-3.png,1254x627,23690,62688,293516,57816
G-4,ponchi-batch-012,assets/ponchi/final_candidates/ponchi-batch-012/G-4_candidate.webp,assets/ponchi/final_candidates/ponchi-batch-012/G-4_candidate.png,assets/ponchi/final/G-4.webp,assets/ponchi/final/G-4.png,1254x627,19770,62350,543045,62316
G-5,ponchi-batch-012,assets/ponchi/final_candidates/ponchi-batch-012/G-5_candidate.webp,assets/ponchi/final_candidates/ponchi-batch-012/G-5_candidate.png,assets/ponchi/final/G-5.webp,assets/ponchi/final/G-5.png,1254x627,34582,65808,419745,61027
G-6,ponchi-batch-012,assets/ponchi/final_candidates/ponchi-batch-012/G-6_candidate.webp,assets/ponchi/final_candidates/ponchi-batch-012/G-6_candidate.png,assets/ponchi/final/G-6.webp,assets/ponchi/final/G-6.png,1254x627,26044,99912,338250,85357
G-7,ponchi-batch-012,assets/ponchi/final_candidates/ponchi-batch-012/G-7_candidate.webp,assets/ponchi/final_candidates/ponchi-batch-012/G-7_candidate.png,assets/ponchi/final/G-7.webp,assets/ponchi/final/G-7.png,1254x627,24564,74656,430223,68623
G-8,ponchi-batch-012,assets/ponchi/final_candidates/ponchi-batch-012/G-8_candidate.webp,assets/ponchi/final_candidates/ponchi-batch-012/G-8_candidate.png,assets/ponchi/final/G-8.webp,assets/ponchi/final/G-8.png,1254x627,27088,70200,610306,70453
G-9,ponchi-batch-012,assets/ponchi/final_candidates/ponchi-batch-012/G-9_candidate.webp,assets/ponchi/final_candidates/ponchi-batch-012/G-9_candidate.png,assets/ponchi/final/G-9.webp,assets/ponchi/final/G-9.png,1254x627,33572,59502,611525,57128
G-22,ponchi-batch-013,assets/ponchi/final_candidates/ponchi-batch-013/G-22_candidate.webp,assets/ponchi/final_candidates/ponchi-batch-013/G-22_candidate.png,assets/ponchi/final/G-22.webp,assets/ponchi/final/G-22.png,1254x627,33678,45410,596412,544552
G-23,ponchi-batch-013,assets/ponchi/final_candidates/ponchi-batch-013/G-23_candidate.webp,assets/ponchi/final_candidates/ponchi-batch-013/G-23_candidate.png,assets/ponchi/final/G-23.webp,assets/ponchi/final/G-23.png,1254x627,38264,66518,629591,73679
G-30,ponchi-batch-013,assets/ponchi/final_candidates/ponchi-batch-013/G-30_candidate.webp,assets/ponchi/final_candidates/ponchi-batch-013/G-30_candidate.png,assets/ponchi/final/G-30.webp,assets/ponchi/final/G-30.png,1254x627,21778,46918,375564,54471
G-31,ponchi-batch-013,assets/ponchi/final_candidates/ponchi-batch-013/G-31_candidate.webp,assets/ponchi/final_candidates/ponchi-batch-013/G-31_candidate.png,assets/ponchi/final/G-31.webp,assets/ponchi/final/G-31.png,1254x627,17634,42066,236366,48046
G-32,ponchi-batch-013,assets/ponchi/final_candidates/ponchi-batch-013/G-32_candidate.webp,assets/ponchi/final_candidates/ponchi-batch-013/G-32_candidate.png,assets/ponchi/final/G-32.webp,assets/ponchi/final/G-32.png,1254x627,16690,35316,320480,500623
G-33,ponchi-batch-013,assets/ponchi/final_candidates/ponchi-batch-013/G-33_candidate.webp,assets/ponchi/final_candidates/ponchi-batch-013/G-33_candidate.png,assets/ponchi/final/G-33.webp,assets/ponchi/final/G-33.png,1254x627,23484,49170,355707,56164
G-34,ponchi-batch-013,assets/ponchi/final_candidates/ponchi-batch-013/G-34_candidate.webp,assets/ponchi/final_candidates/ponchi-batch-013/G-34_candidate.png,assets/ponchi/final/G-34.webp,assets/ponchi/final/G-34.png,1254x627,26300,55110,319922,64836
G-35,ponchi-batch-013,assets/ponchi/final_candidates/ponchi-batch-013/G-35_candidate.webp,assets/ponchi/final_candidates/ponchi-batch-013/G-35_candidate.png,assets/ponchi/final/G-35.webp,assets/ponchi/final/G-35.png,1254x627,28228,50232,331971,622472
G-36,ponchi-batch-013,assets/ponchi/final_candidates/ponchi-batch-013/G-36_candidate.webp,assets/ponchi/final_candidates/ponchi-batch-013/G-36_candidate.png,assets/ponchi/final/G-36.webp,assets/ponchi/final/G-36.png,1254x627,39770,44862,515198,573473
G-38,ponchi-batch-013,assets/ponchi/final_candidates/ponchi-batch-013/G-38_candidate.webp,assets/ponchi/final_candidates/ponchi-batch-013/G-38_candidate.png,assets/ponchi/final/G-38.webp,assets/ponchi/final/G-38.png,1254x627,31324,43508,455836,595166
G-39,ponchi-batch-013,assets/ponchi/final_candidates/ponchi-batch-013/G-39_candidate.webp,assets/ponchi/final_candidates/ponchi-batch-013/G-39_candidate.png,assets/ponchi/final/G-39.webp,assets/ponchi/final/G-39.png,1254x627,22030,47514,297800,55755
G-40,ponchi-batch-013,assets/ponchi/final_candidates/ponchi-batch-013/G-40_candidate.webp,assets/ponchi/final_candidates/ponchi-batch-013/G-40_candidate.png,assets/ponchi/final/G-40.webp,assets/ponchi/final/G-40.png,1254x627,25568,43142,350231,551301
G-41,ponchi-batch-013,assets/ponchi/final_candidates/ponchi-batch-013/G-41_candidate.webp,assets/ponchi/final_candidates/ponchi-batch-013/G-41_candidate.png,assets/ponchi/final/G-41.webp,assets/ponchi/final/G-41.png,1254x627,26262,47294,364589,542953
G-42,ponchi-batch-013,assets/ponchi/final_candidates/ponchi-batch-013/G-42_candidate.webp,assets/ponchi/final_candidates/ponchi-batch-013/G-42_candidate.png,assets/ponchi/final/G-42.webp,assets/ponchi/final/G-42.png,1254x627,29164,44774,317060,540699
G-43,ponchi-batch-013,assets/ponchi/final_candidates/ponchi-batch-013/G-43_candidate.webp,assets/ponchi/final_candidates/ponchi-batch-013/G-43_candidate.png,assets/ponchi/final/G-43.webp,assets/ponchi/final/G-43.png,1254x627,25346,51110,307504,67907
G-44,ponchi-batch-013,assets/ponchi/final_candidates/ponchi-batch-013/G-44_candidate.webp,assets/ponchi/final_candidates/ponchi-batch-013/G-44_candidate.png,assets/ponchi/final/G-44.webp,assets/ponchi/final/G-44.png,1254x627,22678,54732,242803,57005
G-45,ponchi-batch-013,assets/ponchi/final_candidates/ponchi-batch-013/G-45_candidate.webp,assets/ponchi/final_candidates/ponchi-batch-013/G-45_candidate.png,assets/ponchi/final/G-45.webp,assets/ponchi/final/G-45.png,1254x627,48190,58112,693591,64725
G-46,ponchi-batch-013,assets/ponchi/final_candidates/ponchi-batch-013/G-46_candidate.webp,assets/ponchi/final_candidates/ponchi-batch-013/G-46_candidate.png,assets/ponchi/final/G-46.webp,assets/ponchi/final/G-46.png,1254x627,23394,67982,304109,75150
G-47,ponchi-batch-013,assets/ponchi/final_candidates/ponchi-batch-013/G-47_candidate.webp,assets/ponchi/final_candidates/ponchi-batch-013/G-47_candidate.png,assets/ponchi/final/G-47.webp,assets/ponchi/final/G-47.png,1254x627,26164,36964,316844,41870
H-1,ponchi-batch-013,assets/ponchi/final_candidates/ponchi-batch-013/H-1_candidate.webp,assets/ponchi/final_candidates/ponchi-batch-013/H-1_candidate.png,assets/ponchi/final/H-1.webp,assets/ponchi/final/H-1.png,1254x627,32658,51210,2454371,58346
H-2,ponchi-batch-014,assets/ponchi/final_candidates/ponchi-batch-014/H-2_candidate.webp,assets/ponchi/final_candidates/ponchi-batch-014/H-2_candidate.png,assets/ponchi/final/H-2.webp,assets/ponchi/final/H-2.png,1254x627,45478,49558,695360,54447
H-3,ponchi-batch-014,assets/ponchi/final_candidates/ponchi-batch-014/H-3_candidate.webp,assets/ponchi/final_candidates/ponchi-batch-014/H-3_candidate.png,assets/ponchi/final/H-3.webp,assets/ponchi/final/H-3.png,1254x627,36288,51140,639046,59950
H-4,ponchi-batch-014,assets/ponchi/final_candidates/ponchi-batch-014/H-4_candidate.webp,assets/ponchi/final_candidates/ponchi-batch-014/H-4_candidate.png,assets/ponchi/final/H-4.webp,assets/ponchi/final/H-4.png,1254x627,40566,40558,660231,43325
H-50,ponchi-batch-014,assets/ponchi/final_candidates/ponchi-batch-014/H-50_candidate.webp,assets/ponchi/final_candidates/ponchi-batch-014/H-50_candidate.png,assets/ponchi/final/H-50.webp,assets/ponchi/final/H-50.png,1254x627,25784,26168,611328,467989
H-51,ponchi-batch-014,assets/ponchi/final_candidates/ponchi-batch-014/H-51_candidate.webp,assets/ponchi/final_candidates/ponchi-batch-014/H-51_candidate.png,assets/ponchi/final/H-51.webp,assets/ponchi/final/H-51.png,1254x627,41538,57412,686901,56721
H-52,ponchi-batch-014,assets/ponchi/final_candidates/ponchi-batch-014/H-52_candidate.webp,assets/ponchi/final_candidates/ponchi-batch-014/H-52_candidate.png,assets/ponchi/final/H-52.webp,assets/ponchi/final/H-52.png,1254x627,40114,41836,672219,532229
H-53,ponchi-batch-014,assets/ponchi/final_candidates/ponchi-batch-014/H-53_candidate.webp,assets/ponchi/final_candidates/ponchi-batch-014/H-53_candidate.png,assets/ponchi/final/H-53.webp,assets/ponchi/final/H-53.png,1254x627,45468,69870,429703,630118
H-54,ponchi-batch-014,assets/ponchi/final_candidates/ponchi-batch-014/H-54_candidate.webp,assets/ponchi/final_candidates/ponchi-batch-014/H-54_candidate.png,assets/ponchi/final/H-54.webp,assets/ponchi/final/H-54.png,1254x627,41266,70650,672416,74052
H-55,ponchi-batch-014,assets/ponchi/final_candidates/ponchi-batch-014/H-55_candidate.webp,assets/ponchi/final_candidates/ponchi-batch-014/H-55_candidate.png,assets/ponchi/final/H-55.webp,assets/ponchi/final/H-55.png,1254x627,46040,59280,699695,591109
H-56,ponchi-batch-014,assets/ponchi/final_candidates/ponchi-batch-014/H-56_candidate.webp,assets/ponchi/final_candidates/ponchi-batch-014/H-56_candidate.png,assets/ponchi/final/H-56.webp,assets/ponchi/final/H-56.png,1254x627,37976,59118,641696,56761
H-57,ponchi-batch-014,assets/ponchi/final_candidates/ponchi-batch-014/H-57_candidate.webp,assets/ponchi/final_candidates/ponchi-batch-014/H-57_candidate.png,assets/ponchi/final/H-57.webp,assets/ponchi/final/H-57.png,1254x627,37898,51066,677809,50361
H-58,ponchi-batch-014,assets/ponchi/final_candidates/ponchi-batch-014/H-58_candidate.webp,assets/ponchi/final_candidates/ponchi-batch-014/H-58_candidate.png,assets/ponchi/final/H-58.webp,assets/ponchi/final/H-58.png,1254x627,49420,63370,697849,662121
H-59,ponchi-batch-014,assets/ponchi/final_candidates/ponchi-batch-014/H-59_candidate.webp,assets/ponchi/final_candidates/ponchi-batch-014/H-59_candidate.png,assets/ponchi/final/H-59.webp,assets/ponchi/final/H-59.png,1254x627,47484,62330,730472,621261
H-5,ponchi-batch-014,assets/ponchi/final_candidates/ponchi-batch-014/H-5_candidate.webp,assets/ponchi/final_candidates/ponchi-batch-014/H-5_candidate.png,assets/ponchi/final/H-5.webp,assets/ponchi/final/H-5.png,1254x627,32800,82986,2376810,89105
H-60,ponchi-batch-014,assets/ponchi/final_candidates/ponchi-batch-014/H-60_candidate.webp,assets/ponchi/final_candidates/ponchi-batch-014/H-60_candidate.png,assets/ponchi/final/H-60.webp,assets/ponchi/final/H-60.png,1254x627,41692,56942,686142,57072
H-61,ponchi-batch-014,assets/ponchi/final_candidates/ponchi-batch-014/H-61_candidate.webp,assets/ponchi/final_candidates/ponchi-batch-014/H-61_candidate.png,assets/ponchi/final/H-61.webp,assets/ponchi/final/H-61.png,1254x627,46134,50682,716723,583547
H-62,ponchi-batch-014,assets/ponchi/final_candidates/ponchi-batch-014/H-62_candidate.webp,assets/ponchi/final_candidates/ponchi-batch-014/H-62_candidate.png,assets/ponchi/final/H-62.webp,assets/ponchi/final/H-62.png,1254x627,51820,25340,734899,72667
H-6,ponchi-batch-014,assets/ponchi/final_candidates/ponchi-batch-014/H-6_candidate.webp,assets/ponchi/final_candidates/ponchi-batch-014/H-6_candidate.png,assets/ponchi/final/H-6.webp,assets/ponchi/final/H-6.png,1254x627,34534,49514,2301821,599649
H-7,ponchi-batch-014,assets/ponchi/final_candidates/ponchi-batch-014/H-7_candidate.webp,assets/ponchi/final_candidates/ponchi-batch-014/H-7_candidate.png,assets/ponchi/final/H-7.webp,assets/ponchi/final/H-7.png,1254x627,37042,51934,2518638,551856
H-8,ponchi-batch-014,assets/ponchi/final_candidates/ponchi-batch-014/H-8_candidate.webp,assets/ponchi/final_candidates/ponchi-batch-014/H-8_candidate.png,assets/ponchi/final/H-8.webp,assets/ponchi/final/H-8.png,1254x627,44164,65964,2558326,72374
H-63,ponchi-batch-015,assets/ponchi/final_candidates/ponchi-batch-015/H-63_candidate.webp,assets/ponchi/final_candidates/ponchi-batch-015/H-63_candidate.png,assets/ponchi/final/H-63.webp,assets/ponchi/final/H-63.png,1254x627,49070,27104,730864,28153
I-10,ponchi-batch-015,assets/ponchi/final_candidates/ponchi-batch-015/I-10_candidate.webp,assets/ponchi/final_candidates/ponchi-batch-015/I-10_candidate.png,assets/ponchi/final/I-10.webp,assets/ponchi/final/I-10.png,1254x627,41748,20456,663668,22388
I-11,ponchi-batch-015,assets/ponchi/final_candidates/ponchi-batch-015/I-11_candidate.webp,assets/ponchi/final_candidates/ponchi-batch-015/I-11_candidate.png,assets/ponchi/final/I-11.webp,assets/ponchi/final/I-11.png,1254x627,38600,25482,637311,26099
I-12,ponchi-batch-015,assets/ponchi/final_candidates/ponchi-batch-015/I-12_candidate.webp,assets/ponchi/final_candidates/ponchi-batch-015/I-12_candidate.png,assets/ponchi/final/I-12.webp,assets/ponchi/final/I-12.png,1254x627,36516,25142,622099,27722
I-13,ponchi-batch-015,assets/ponchi/final_candidates/ponchi-batch-015/I-13_candidate.webp,assets/ponchi/final_candidates/ponchi-batch-015/I-13_candidate.png,assets/ponchi/final/I-13.webp,assets/ponchi/final/I-13.png,1254x627,39032,26944,629577,29467
I-1,ponchi-batch-015,assets/ponchi/final_candidates/ponchi-batch-015/I-1_candidate.webp,assets/ponchi/final_candidates/ponchi-batch-015/I-1_candidate.png,assets/ponchi/final/I-1.webp,assets/ponchi/final/I-1.png,1254x627,33700,23682,386832,24589
I-20,ponchi-batch-015,assets/ponchi/final_candidates/ponchi-batch-015/I-20_candidate.webp,assets/ponchi/final_candidates/ponchi-batch-015/I-20_candidate.png,assets/ponchi/final/I-20.webp,assets/ponchi/final/I-20.png,1254x627,41802,24640,651518,25699
I-21,ponchi-batch-015,assets/ponchi/final_candidates/ponchi-batch-015/I-21_candidate.webp,assets/ponchi/final_candidates/ponchi-batch-015/I-21_candidate.png,assets/ponchi/final/I-21.webp,assets/ponchi/final/I-21.png,1254x627,39844,13710,645605,14636
I-22,ponchi-batch-015,assets/ponchi/final_candidates/ponchi-batch-015/I-22_candidate.webp,assets/ponchi/final_candidates/ponchi-batch-015/I-22_candidate.png,assets/ponchi/final/I-22.webp,assets/ponchi/final/I-22.png,1254x627,41186,17216,641926,17800
I-23,ponchi-batch-015,assets/ponchi/final_candidates/ponchi-batch-015/I-23_candidate.webp,assets/ponchi/final_candidates/ponchi-batch-015/I-23_candidate.png,assets/ponchi/final/I-23.webp,assets/ponchi/final/I-23.png,1254x627,40458,28322,611397,32687
I-24,ponchi-batch-015,assets/ponchi/final_candidates/ponchi-batch-015/I-24_candidate.webp,assets/ponchi/final_candidates/ponchi-batch-015/I-24_candidate.png,assets/ponchi/final/I-24.webp,assets/ponchi/final/I-24.png,1254x627,37906,19410,637124,21231
I-2,ponchi-batch-015,assets/ponchi/final_candidates/ponchi-batch-015/I-2_candidate.webp,assets/ponchi/final_candidates/ponchi-batch-015/I-2_candidate.png,assets/ponchi/final/I-2.webp,assets/ponchi/final/I-2.png,1254x627,32270,25114,2279481,26302
I-30,ponchi-batch-015,assets/ponchi/final_candidates/ponchi-batch-015/I-30_candidate.webp,assets/ponchi/final_candidates/ponchi-batch-015/I-30_candidate.png,assets/ponchi/final/I-30.webp,assets/ponchi/final/I-30.png,1254x627,36216,21990,621711,23365
I-3,ponchi-batch-015,assets/ponchi/final_candidates/ponchi-batch-015/I-3_candidate.webp,assets/ponchi/final_candidates/ponchi-batch-015/I-3_candidate.png,assets/ponchi/final/I-3.webp,assets/ponchi/final/I-3.png,1254x627,44088,22458,2533621,21827
I-41,ponchi-batch-015,assets/ponchi/final_candidates/ponchi-batch-015/I-41_candidate.webp,assets/ponchi/final_candidates/ponchi-batch-015/I-41_candidate.png,assets/ponchi/final/I-41.webp,assets/ponchi/final/I-41.png,1254x627,32274,26790,587124,27681
I-4,ponchi-batch-015,assets/ponchi/final_candidates/ponchi-batch-015/I-4_candidate.webp,assets/ponchi/final_candidates/ponchi-batch-015/I-4_candidate.png,assets/ponchi/final/I-4.webp,assets/ponchi/final/I-4.png,1254x627,38322,21518,2432242,23373
I-50,ponchi-batch-015,assets/ponchi/final_candidates/ponchi-batch-015/I-50_candidate.webp,assets/ponchi/final_candidates/ponchi-batch-015/I-50_candidate.png,assets/ponchi/final/I-50.webp,assets/ponchi/final/I-50.png,1254x627,35102,28174,621721,30963
I-5,ponchi-batch-015,assets/ponchi/final_candidates/ponchi-batch-015/I-5_candidate.webp,assets/ponchi/final_candidates/ponchi-batch-015/I-5_candidate.png,assets/ponchi/final/I-5.webp,assets/ponchi/final/I-5.png,1254x627,45450,32738,2518891,33548
I-80,ponchi-batch-015,assets/ponchi/final_candidates/ponchi-batch-015/I-80_candidate.webp,assets/ponchi/final_candidates/ponchi-batch-015/I-80_candidate.png,assets/ponchi/final/I-80.webp,assets/ponchi/final/I-80.png,1254x627,43716,19414,697362,18942
I-81,ponchi-batch-015,assets/ponchi/final_candidates/ponchi-batch-015/I-81_candidate.webp,assets/ponchi/final_candidates/ponchi-batch-015/I-81_candidate.png,assets/ponchi/final/I-81.webp,assets/ponchi/final/I-81.png,1254x627,39054,26396,668098,27618
J-10,ponchi-batch-016,assets/ponchi/final_candidates/ponchi-batch-016/J-10_candidate.webp,assets/ponchi/final_candidates/ponchi-batch-016/J-10_candidate.png,assets/ponchi/final/J-10.webp,assets/ponchi/final/J-10.png,1254x627,32574,25838,396092,24555
J-11,ponchi-batch-016,assets/ponchi/final_candidates/ponchi-batch-016/J-11_candidate.webp,assets/ponchi/final_candidates/ponchi-batch-016/J-11_candidate.png,assets/ponchi/final/J-11.webp,assets/ponchi/final/J-11.png,1254x627,40384,35696,554665,35754
J-12,ponchi-batch-016,assets/ponchi/final_candidates/ponchi-batch-016/J-12_candidate.webp,assets/ponchi/final_candidates/ponchi-batch-016/J-12_candidate.png,assets/ponchi/final/J-12.webp,assets/ponchi/final/J-12.png,1254x627,34770,93950,517593,59668
J-13,ponchi-batch-016,assets/ponchi/final_candidates/ponchi-batch-016/J-13_candidate.webp,assets/ponchi/final_candidates/ponchi-batch-016/J-13_candidate.png,assets/ponchi/final/J-13.webp,assets/ponchi/final/J-13.png,1254x627,36760,25666,548414,21536
J-14,ponchi-batch-016,assets/ponchi/final_candidates/ponchi-batch-016/J-14_candidate.webp,assets/ponchi/final_candidates/ponchi-batch-016/J-14_candidate.png,assets/ponchi/final/J-14.webp,assets/ponchi/final/J-14.png,1254x627,41900,32540,597397,29453
J-15,ponchi-batch-016,assets/ponchi/final_candidates/ponchi-batch-016/J-15_candidate.webp,assets/ponchi/final_candidates/ponchi-batch-016/J-15_candidate.png,assets/ponchi/final/J-15.webp,assets/ponchi/final/J-15.png,1254x627,24348,26616,471373,28978
J-16,ponchi-batch-016,assets/ponchi/final_candidates/ponchi-batch-016/J-16_candidate.webp,assets/ponchi/final_candidates/ponchi-batch-016/J-16_candidate.png,assets/ponchi/final/J-16.webp,assets/ponchi/final/J-16.png,1254x627,36684,20430,566101,22416
J-17,ponchi-batch-016,assets/ponchi/final_candidates/ponchi-batch-016/J-17_candidate.webp,assets/ponchi/final_candidates/ponchi-batch-016/J-17_candidate.png,assets/ponchi/final/J-17.webp,assets/ponchi/final/J-17.png,1254x627,20972,40612,347826,33435
J-18,ponchi-batch-016,assets/ponchi/final_candidates/ponchi-batch-016/J-18_candidate.webp,assets/ponchi/final_candidates/ponchi-batch-016/J-18_candidate.png,assets/ponchi/final/J-18.webp,assets/ponchi/final/J-18.png,1254x627,18066,23896,388659,26066
J-19,ponchi-batch-016,assets/ponchi/final_candidates/ponchi-batch-016/J-19_candidate.webp,assets/ponchi/final_candidates/ponchi-batch-016/J-19_candidate.png,assets/ponchi/final/J-19.webp,assets/ponchi/final/J-19.png,1254x627,30742,16434,421637,18157
J-1,ponchi-batch-016,assets/ponchi/final_candidates/ponchi-batch-016/J-1_candidate.webp,assets/ponchi/final_candidates/ponchi-batch-016/J-1_candidate.png,assets/ponchi/final/J-1.webp,assets/ponchi/final/J-1.png,1254x627,31056,20306,299722,19867
J-20,ponchi-batch-016,assets/ponchi/final_candidates/ponchi-batch-016/J-20_candidate.webp,assets/ponchi/final_candidates/ponchi-batch-016/J-20_candidate.png,assets/ponchi/final/J-20.webp,assets/ponchi/final/J-20.png,1254x627,30510,33714,382573,33795
J-21,ponchi-batch-016,assets/ponchi/final_candidates/ponchi-batch-016/J-21_candidate.webp,assets/ponchi/final_candidates/ponchi-batch-016/J-21_candidate.png,assets/ponchi/final/J-21.webp,assets/ponchi/final/J-21.png,1254x627,21354,18808,281456,20591
J-22,ponchi-batch-016,assets/ponchi/final_candidates/ponchi-batch-016/J-22_candidate.webp,assets/ponchi/final_candidates/ponchi-batch-016/J-22_candidate.png,assets/ponchi/final/J-22.webp,assets/ponchi/final/J-22.png,1254x627,42620,17136,683023,16930
J-23,ponchi-batch-016,assets/ponchi/final_candidates/ponchi-batch-016/J-23_candidate.webp,assets/ponchi/final_candidates/ponchi-batch-016/J-23_candidate.png,assets/ponchi/final/J-23.webp,assets/ponchi/final/J-23.png,1254x627,25396,56450,219060,45299
J-2,ponchi-batch-016,assets/ponchi/final_candidates/ponchi-batch-016/J-2_candidate.webp,assets/ponchi/final_candidates/ponchi-batch-016/J-2_candidate.png,assets/ponchi/final/J-2.webp,assets/ponchi/final/J-2.png,1254x627,44554,19534,603621,21970
J-31,ponchi-batch-016,assets/ponchi/final_candidates/ponchi-batch-016/J-31_candidate.webp,assets/ponchi/final_candidates/ponchi-batch-016/J-31_candidate.png,assets/ponchi/final/J-31.webp,assets/ponchi/final/J-31.png,1254x627,50650,21772,605396,23812
J-32,ponchi-batch-016,assets/ponchi/final_candidates/ponchi-batch-016/J-32_candidate.webp,assets/ponchi/final_candidates/ponchi-batch-016/J-32_candidate.png,assets/ponchi/final/J-32.webp,assets/ponchi/final/J-32.png,1254x627,35314,19342,644378,19538
J-3,ponchi-batch-016,assets/ponchi/final_candidates/ponchi-batch-016/J-3_candidate.webp,assets/ponchi/final_candidates/ponchi-batch-016/J-3_candidate.png,assets/ponchi/final/J-3.webp,assets/ponchi/final/J-3.png,1254x627,27406,25318,520014,27321
J-4,ponchi-batch-016,assets/ponchi/final_candidates/ponchi-batch-016/J-4_candidate.webp,assets/ponchi/final_candidates/ponchi-batch-016/J-4_candidate.png,assets/ponchi/final/J-4.webp,assets/ponchi/final/J-4.png,1254x627,29918,15506,501505,15816
J-33,ponchi-batch-017,assets/ponchi/final_candidates/ponchi-batch-017/J-33_candidate.webp,assets/ponchi/final_candidates/ponchi-batch-017/J-33_candidate.png,assets/ponchi/final/J-33.webp,assets/ponchi/final/J-33.png,1254x627,32300,30204,383586,30672
J-40,ponchi-batch-017,assets/ponchi/final_candidates/ponchi-batch-017/J-40_candidate.webp,assets/ponchi/final_candidates/ponchi-batch-017/J-40_candidate.png,assets/ponchi/final/J-40.webp,assets/ponchi/final/J-40.png,1254x627,35946,34940,443403,35488
J-41,ponchi-batch-017,assets/ponchi/final_candidates/ponchi-batch-017/J-41_candidate.webp,assets/ponchi/final_candidates/ponchi-batch-017/J-41_candidate.png,assets/ponchi/final/J-41.webp,assets/ponchi/final/J-41.png,1254x627,41872,18958,431435,20200
J-42,ponchi-batch-017,assets/ponchi/final_candidates/ponchi-batch-017/J-42_candidate.webp,assets/ponchi/final_candidates/ponchi-batch-017/J-42_candidate.png,assets/ponchi/final/J-42.webp,assets/ponchi/final/J-42.png,1254x627,25412,45802,318192,46218
J-43,ponchi-batch-017,assets/ponchi/final_candidates/ponchi-batch-017/J-43_candidate.webp,assets/ponchi/final_candidates/ponchi-batch-017/J-43_candidate.png,assets/ponchi/final/J-43.webp,assets/ponchi/final/J-43.png,1254x627,37874,32658,688549,34013
J-50,ponchi-batch-017,assets/ponchi/final_candidates/ponchi-batch-017/J-50_candidate.webp,assets/ponchi/final_candidates/ponchi-batch-017/J-50_candidate.png,assets/ponchi/final/J-50.webp,assets/ponchi/final/J-50.png,1254x627,51040,18794,735298,21863
J-51,ponchi-batch-017,assets/ponchi/final_candidates/ponchi-batch-017/J-51_candidate.webp,assets/ponchi/final_candidates/ponchi-batch-017/J-51_candidate.png,assets/ponchi/final/J-51.webp,assets/ponchi/final/J-51.png,1254x627,26984,22218,307211,24634
J-52,ponchi-batch-017,assets/ponchi/final_candidates/ponchi-batch-017/J-52_candidate.webp,assets/ponchi/final_candidates/ponchi-batch-017/J-52_candidate.png,assets/ponchi/final/J-52.webp,assets/ponchi/final/J-52.png,1254x627,35292,17800,419183,19974
J-53,ponchi-batch-017,assets/ponchi/final_candidates/ponchi-batch-017/J-53_candidate.webp,assets/ponchi/final_candidates/ponchi-batch-017/J-53_candidate.png,assets/ponchi/final/J-53.webp,assets/ponchi/final/J-53.png,1254x627,42482,27572,469211,29176
J-54,ponchi-batch-017,assets/ponchi/final_candidates/ponchi-batch-017/J-54_candidate.webp,assets/ponchi/final_candidates/ponchi-batch-017/J-54_candidate.png,assets/ponchi/final/J-54.webp,assets/ponchi/final/J-54.png,1254x627,29300,30852,355325,30855
J-55,ponchi-batch-017,assets/ponchi/final_candidates/ponchi-batch-017/J-55_candidate.webp,assets/ponchi/final_candidates/ponchi-batch-017/J-55_candidate.png,assets/ponchi/final/J-55.webp,assets/ponchi/final/J-55.png,1254x627,48928,21428,735545,23149
J-56,ponchi-batch-017,assets/ponchi/final_candidates/ponchi-batch-017/J-56_candidate.webp,assets/ponchi/final_candidates/ponchi-batch-017/J-56_candidate.png,assets/ponchi/final/J-56.webp,assets/ponchi/final/J-56.png,1254x627,24220,18810,320688,20206
J-62,ponchi-batch-017,assets/ponchi/final_candidates/ponchi-batch-017/J-62_candidate.webp,assets/ponchi/final_candidates/ponchi-batch-017/J-62_candidate.png,assets/ponchi/final/J-62.webp,assets/ponchi/final/J-62.png,1254x627,41670,18716,701046,19539
J-70,ponchi-batch-017,assets/ponchi/final_candidates/ponchi-batch-017/J-70_candidate.webp,assets/ponchi/final_candidates/ponchi-batch-017/J-70_candidate.png,assets/ponchi/final/J-70.webp,assets/ponchi/final/J-70.png,1254x627,40456,18036,369626,19127
J-71,ponchi-batch-017,assets/ponchi/final_candidates/ponchi-batch-017/J-71_candidate.webp,assets/ponchi/final_candidates/ponchi-batch-017/J-71_candidate.png,assets/ponchi/final/J-71.webp,assets/ponchi/final/J-71.png,1254x627,36264,24048,370302,18985
J-72,ponchi-batch-017,assets/ponchi/final_candidates/ponchi-batch-017/J-72_candidate.webp,assets/ponchi/final_candidates/ponchi-batch-017/J-72_candidate.png,assets/ponchi/final/J-72.webp,assets/ponchi/final/J-72.png,1254x627,37144,19604,414458,19041
J-73,ponchi-batch-017,assets/ponchi/final_candidates/ponchi-batch-017/J-73_candidate.webp,assets/ponchi/final_candidates/ponchi-batch-017/J-73_candidate.png,assets/ponchi/final/J-73.webp,assets/ponchi/final/J-73.png,1254x627,27862,17814,366542,20237
J-74,ponchi-batch-017,assets/ponchi/final_candidates/ponchi-batch-017/J-74_candidate.webp,assets/ponchi/final_candidates/ponchi-batch-017/J-74_candidate.png,assets/ponchi/final/J-74.webp,assets/ponchi/final/J-74.png,1254x627,46866,23796,589632,24473
J-75,ponchi-batch-017,assets/ponchi/final_candidates/ponchi-batch-017/J-75_candidate.webp,assets/ponchi/final_candidates/ponchi-batch-017/J-75_candidate.png,assets/ponchi/final/J-75.webp,assets/ponchi/final/J-75.png,1254x627,48118,22704,628256,22355
J-76,ponchi-batch-017,assets/ponchi/final_candidates/ponchi-batch-017/J-76_candidate.webp,assets/ponchi/final_candidates/ponchi-batch-017/J-76_candidate.png,assets/ponchi/final/J-76.webp,assets/ponchi/final/J-76.png,1254x627,33576,22892,430501,22865
J-100,ponchi-batch-018,assets/ponchi/final_candidates/ponchi-batch-018/J-100_candidate.webp,assets/ponchi/final_candidates/ponchi-batch-018/J-100_candidate.png,assets/ponchi/final/J-100.webp,assets/ponchi/final/J-100.png,1254x627,42480,27288,2516750,24659
J-77,ponchi-batch-018,assets/ponchi/final_candidates/ponchi-batch-018/J-77_candidate.webp,assets/ponchi/final_candidates/ponchi-batch-018/J-77_candidate.png,assets/ponchi/final/J-77.webp,assets/ponchi/final/J-77.png,1254x627,48628,20804,511425,22583
J-78,ponchi-batch-018,assets/ponchi/final_candidates/ponchi-batch-018/J-78_candidate.webp,assets/ponchi/final_candidates/ponchi-batch-018/J-78_candidate.png,assets/ponchi/final/J-78.webp,assets/ponchi/final/J-78.png,1254x627,48744,36364,594171,41044
J-79,ponchi-batch-018,assets/ponchi/final_candidates/ponchi-batch-018/J-79_candidate.webp,assets/ponchi/final_candidates/ponchi-batch-018/J-79_candidate.png,assets/ponchi/final/J-79.webp,assets/ponchi/final/J-79.png,1254x627,35936,21380,413385,22468
J-80,ponchi-batch-018,assets/ponchi/final_candidates/ponchi-batch-018/J-80_candidate.webp,assets/ponchi/final_candidates/ponchi-batch-018/J-80_candidate.png,assets/ponchi/final/J-80.webp,assets/ponchi/final/J-80.png,1254x627,54448,16148,603831,17314
J-81,ponchi-batch-018,assets/ponchi/final_candidates/ponchi-batch-018/J-81_candidate.webp,assets/ponchi/final_candidates/ponchi-batch-018/J-81_candidate.png,assets/ponchi/final/J-81.webp,assets/ponchi/final/J-81.png,1254x627,54018,16820,2728761,17569
J-90,ponchi-batch-018,assets/ponchi/final_candidates/ponchi-batch-018/J-90_candidate.webp,assets/ponchi/final_candidates/ponchi-batch-018/J-90_candidate.png,assets/ponchi/final/J-90.webp,assets/ponchi/final/J-90.png,1254x627,41482,18910,2642816,20595
J-91,ponchi-batch-018,assets/ponchi/final_candidates/ponchi-batch-018/J-91_candidate.webp,assets/ponchi/final_candidates/ponchi-batch-018/J-91_candidate.png,assets/ponchi/final/J-91.webp,assets/ponchi/final/J-91.png,1254x627,30216,16462,2431007,16007
J-92,ponchi-batch-018,assets/ponchi/final_candidates/ponchi-batch-018/J-92_candidate.webp,assets/ponchi/final_candidates/ponchi-batch-018/J-92_candidate.png,assets/ponchi/final/J-92.webp,assets/ponchi/final/J-92.png,1254x627,37008,17852,2442629,18436
J-93,ponchi-batch-018,assets/ponchi/final_candidates/ponchi-batch-018/J-93_candidate.webp,assets/ponchi/final_candidates/ponchi-batch-018/J-93_candidate.png,assets/ponchi/final/J-93.webp,assets/ponchi/final/J-93.png,1254x627,43946,13566,2328926,14336
